標準分類編碼,行情代號(水產品代號),品種,中文名稱,英文名稱,學名名稱,俗名名稱
4711247142229,,台中一號(翠玉),葉蘿蔔,Leafy radish,Raphanus sativus  L. Daikon group,菜頭葉
4711247142298,SA9,台中一號(翠玉),葉蘿蔔,Leafy radish,Raphanus sativus  L. Daikon group,菜頭葉
4711247142304,SA4,,櫻桃蘿蔔,Cherry radish,Raphanus sativus  L. Radicula group,小根蘿蔔，二十日蘿蔔，小粒菜頭，大菜
4711247142311,,,櫻桃蘿蔔,Cherry radish,Raphanus sativus  L. Radicula group,小根蘿蔔，二十日蘿蔔，小粒菜頭，大菜
4711247142397,SA9,,櫻桃蘿蔔,Cherry radish,Raphanus sativus  L. Radicula group,小根蘿蔔，二十日蘿蔔，小粒菜頭，大菜
4711247153003,,統稱(其他),山葵,Wasabi， Japanese horseradish,Wasabia japonica  (Miquel) Matsumura,山萮菜，澤葵，哇沙蜜，澤山葵， 溪山葵
4711247153010,,統稱(其他),山葵,Wasabi， Japanese horseradish,Wasabia japonica  (Miquel) Matsumura,山萮菜，澤葵，哇沙蜜，澤山葵， 溪山葵
4711247153096,,統稱(其他),山葵,Wasabi， Japanese horseradish,Wasabia japonica  (Miquel) Matsumura,山萮菜，澤葵，哇沙蜜，澤山葵， 溪山葵
4711247154000,,地方種,冬瓜統稱(其他),Wax gourd,Benincasa hispida  (Thunb.) Cogn.,白瓜，東瓜，枕瓜
4711247154017,,地方種,冬瓜統稱(其他),Wax gourd,Benincasa hispida  (Thunb.) Cogn.,白瓜，東瓜，枕瓜
4711247204101,FH1,永樂,長扁蒲,Bottle gourd，white flowered gourd  ，Calabash gourd,Lagenaria siceraria  (Mol.) Standl.,牛腿蒲， 長瓜
4711247204118,,永樂,長扁蒲,Bottle gourd，white flowered gourd  ，Calabash gourd,Lagenaria siceraria  (Mol.) Standl.,牛腿蒲， 長瓜
4711247204194,,永樂,長扁蒲,Bottle gourd，white flowered gourd  ，Calabash gourd,Lagenaria siceraria  (Mol.) Standl.,牛腿蒲， 長瓜
4711247204200,FH2,春英,圓扁蒲,Bottle gourd，white flowered gourd  ，Calabash gourd,Lagenaria siceraria  (Mol.) Standl.,瓠子，蒲子，壺盧，葫蘆，蒲瓜，夜開花
4711247204217,,春英,圓扁蒲,Bottle gourd，white flowered gourd  ，Calabash gourd,Lagenaria siceraria  (Mol.) Standl.,瓠子，蒲子，壺盧，葫蘆，蒲瓜，夜開花
4711247204293,,春英,圓扁蒲,Bottle gourd，white flowered gourd  ，Calabash gourd,Lagenaria siceraria  (Mol.) Standl.,瓠子，蒲子，壺盧，葫蘆，蒲瓜，夜開花
4711247204309,FRH3,土種花蒲，永芳，高雄1號(綠鐘),花扁蒲,Bottle gourd，white flowered gourd  ，Calabash gourd,Lagenaria siceraria  (Mol.) Standl.,瓠子，蒲子，壺盧，葫蘆，蒲瓜，夜開花
4711247204316,,土種花蒲，永芳，高雄1號(綠鐘),花扁蒲,Bottle gourd，white flowered gourd  ，Calabash gourd,Lagenaria siceraria  (Mol.) Standl.,瓠子，蒲子，壺盧，葫蘆，蒲瓜，夜開花
4711247204392,,土種花蒲，永芳，高雄1號(綠鐘),花扁蒲,Bottle gourd，white flowered gourd  ，Calabash gourd,Lagenaria siceraria  (Mol.) Standl.,瓠子，蒲子，壺盧，葫蘆，蒲瓜，夜開花
4711247210003,FF1,統稱(其他),絲瓜類,NA,,菜瓜，布瓜，天絲瓜，天絡
4711247046206,LE2,,大葉落葵,Ceylon spinach， Malabar spinach,Basella cordifolia  L.,皇宮菜，蟳菜，藤菜，龍宮菜 ，非洲菠菜，天葵，藤葵，燕脂菜，白落葵
4711247046213,,,大葉落葵,Ceylon spinach， Malabar spinach,Basella cordifolia  L.,皇宮菜，蟳菜，藤菜，龍宮菜 ，非洲菠菜，天葵，藤葵，燕脂菜，白落葵
4711247046299,,,大葉落葵,Ceylon spinach， Malabar spinach,Basella cordifolia  L.,皇宮菜，蟳菜，藤菜，龍宮菜 ，非洲菠菜，天葵，藤葵，燕脂菜，白落葵
4711247046305,LZ2,,紅落葵,Ceylon spinach， Malabar spinach,Basella rubra  L.,皇宮菜，蟳菜，藤菜，龍宮菜 ，非洲菠菜，天葵，藤葵，燕脂菜，，蔓紫
4711247046312,,,紅落葵,Ceylon spinach， Malabar spinach,Basella rubra  L.,皇宮菜，蟳菜，藤菜，龍宮菜 ，非洲菠菜，天葵，藤葵，燕脂菜，，蔓紫
4711247046398,,,紅落葵,Ceylon spinach， Malabar spinach,Basella rubra  L.,皇宮菜，蟳菜，藤菜，龍宮菜 ，非洲菠菜，天葵，藤葵，燕脂菜，，蔓紫
4711247049009,,統稱(其他),破布子,Cummingcordia， Sebastan plum cordia,Cordia dichotoma  Forst. f.,破子，樹子仔，破果子，破斧子，仙枝子，破布木
4711247049016,,統稱(其他),破布子,Cummingcordia， Sebastan plum cordia,Cordia dichotoma  Forst. f.,破子，樹子仔，破果子，破斧子，仙枝子，破布木
4711247049092,,統稱(其他),破布子,Cummingcordia， Sebastan plum cordia,Cordia dichotoma  Forst. f.,破子，樹子仔，破果子，破斧子，仙枝子，破布木
4711247050005,,統稱(其他),仙人掌類,NA,,
4711247111102,,黃花，白花，高腳，矮腳,白芥藍,NA,,綠葉甘藍，芥藍菜，格藍菜
4711247111119,,黃花，白花，高腳，矮腳,白芥藍,NA,,綠葉甘藍，芥藍菜，格藍菜
4711247111195,,黃花，白花，高腳，矮腳,白芥藍,NA,,綠葉甘藍，芥藍菜，格藍菜
4711247111201,,,黑芥藍,Chinese kale，Borecole， Chinese broccoli kailan,Brassica oleracea  L. var.  albograbra  Bailey,
4711247111218,,,黑芥藍,Chinese kale，Borecole， Chinese broccoli kailan,Brassica oleracea  L. var.  albograbra  Bailey,
4711247111294,,,黑芥藍,Chinese kale，Borecole， Chinese broccoli kailan,Brassica oleracea  L. var.  albograbra  Bailey,
4711247111300,,,芥藍苔,Sprouting chinese kale,Brassica oleracea  L. var.  albograbra  Bailey,菜嬰仔
4711247111317,,,芥藍苔,Sprouting chinese kale,Brassica oleracea  L. var.  albograbra  Bailey,菜嬰仔
4711247111393,,,芥藍苔,Sprouting chinese kale,Brassica oleracea  L. var.  albograbra  Bailey,菜嬰仔
4711247115001,SW1,統稱(其他),球莖甘藍,Kohlrabi,Brassica oleracea  L. var.  gongylodes,結頭菜，菜鵠，芥頭菜，大頭菜，菜叩，芥頭菜
4711247104296,LA9,日本帥，旭光,紫甘藍,Red cabbage,Brassica oleracea  L. var.  rubra  DC.,紅色高麗菜，紅玉菜，紫甘藍，紫高麗菜
4711247104302,LA6,,甘藍芽,Cabbage sprout,Brassica oleracea  L. var.  capitata,
4711247104319,,,甘藍芽,Cabbage sprout,Brassica oleracea  L. var.  capitata,
4711247104395,LA9,,甘藍芽,Cabbage sprout,Brassica oleracea  L. var.  capitata,
4711247110006,,統稱(其他),抱子甘藍,Brussels sprouts,Brassica oleracea  L. var.  gemmifera,子持甘藍，球芽甘藍，芽甘藍，姬甘藍
4711247110013,,統稱(其他),抱子甘藍,Brussels sprouts,Brassica oleracea  L. var.  gemmifera,子持甘藍，球芽甘藍，芽甘藍，姬甘藍
4711247110099,,統稱(其他),抱子甘藍,Brussels sprouts,Brassica oleracea  L. var.  gemmifera,子持甘藍，球芽甘藍，芽甘藍，姬甘藍
4711247111003,LK2,統稱(其他),芥藍類,NA,,
4711247111010,,統稱(其他),芥藍類,NA,,
4711247111096,LK9,統稱(其他),芥藍類,NA,,
4711247175210,,秋燁1號，秋燁2號，香華，台南9號，淑芬，秋香，翠蜜，秋蜜，天香，天華，綠蜜石，雪蓮香,網紋甜瓜,Muskmelon， Netted melon,Cucumis melo  L.  reticulatus  Naud.,洋香瓜，蜜瓜，厚皮甜瓜
4711247175227,,秋燁1號，秋燁2號，香華，台南9號，淑芬，秋香，翠蜜，秋蜜，天香，天華，綠蜜石，雪蓮香,網紋甜瓜,Muskmelon， Netted melon,Cucumis melo  L.  reticulatus  Naud.,洋香瓜，蜜瓜，厚皮甜瓜
4711247175241,,秋燁1號，秋燁2號，香華，台南9號，淑芬，秋香，翠蜜，秋蜜，天香，天華，綠蜜石，雪蓮香,網紋甜瓜,Muskmelon， Netted melon,Cucumis melo  L.  reticulatus  Naud.,洋香瓜，蜜瓜，厚皮甜瓜
4711247175296,W9,秋燁1號，秋燁2號，香華，台南9號，淑芬，秋香，翠蜜，秋蜜，天香，天華，綠蜜石，雪蓮香,網紋甜瓜,Muskmelon， Netted melon,Cucumis melo  L.  reticulatus  Naud.,洋香瓜，蜜瓜，厚皮甜瓜
4711247175302,,銀輝，金輝，新玉，嘉玉，嘉輝，銀杏，銀綠,東方甜瓜,Oriental sweet melon,Cucumis melo  L. var.  makuwa  Makino,梨甜瓜，香瓜，薄皮甜瓜
4711247175319,,銀輝，金輝，新玉，嘉玉，嘉輝，銀杏，銀綠,東方甜瓜,Oriental sweet melon,Cucumis melo  L. var.  makuwa  Makino,梨甜瓜，香瓜，薄皮甜瓜
4711247175326,,銀輝，金輝，新玉，嘉玉，嘉輝，銀杏，銀綠,東方甜瓜,Oriental sweet melon,Cucumis melo  L. var.  makuwa  Makino,梨甜瓜，香瓜，薄皮甜瓜
4711247175340,,銀輝，金輝，新玉，嘉玉，嘉輝，銀杏，銀綠,東方甜瓜,Oriental sweet melon,Cucumis melo  L. var.  makuwa  Makino,梨甜瓜，香瓜，薄皮甜瓜
4711247175395,W9,銀輝，金輝，新玉，嘉玉，嘉輝，銀杏，銀綠,東方甜瓜,Oriental sweet melon,Cucumis melo  L. var.  makuwa  Makino,梨甜瓜，香瓜，薄皮甜瓜
4711247175401,,新世紀，新秀，雪裡華，哈蜜脆，新綠蛙,哈密瓜,Chinese hami melon，  Musk melon,Cucumis melo  L. var.  saccharinus  Naud.,
4711247368292,SP9,,嫩薑,Ginger,Zingiber officinale  Roscse,
4711247368308,SP1,,老薑,Ginger,Zingiber officinale  Roscse,
4711247368315,,,老薑,Ginger,Zingiber officinale  Roscse,
4711247368391,SP9,,老薑,Ginger,Zingiber officinale  Roscse,
4711247372008,,統稱(其他),薑黃,NA,,
4711247373005,,統稱(其他),芽菜類,NA,,
4711247373012,,統稱(其他),芽菜類,NA,,
4711247373029,,統稱(其他),芽菜類,NA,,
4711247373036,,統稱(其他),芽菜類,NA,,
4711247373098,,統稱(其他),芽菜類,NA,,
4711247269018,,苦瓜豆，三尺青皮，白皮白仁，白皮黑灰仁,豇豆統稱(其他),Asparagus bean， Yard long bean,Vigna unguiculata  (L.) Walp. ssp.  sesquipedalis  Verdn.,菜豆，豆角，筷豆
4711247269094,,苦瓜豆，三尺青皮，白皮白仁，白皮黑灰仁,豇豆統稱(其他),Asparagus bean， Yard long bean,Vigna unguiculata  (L.) Walp. ssp.  sesquipedalis  Verdn.,菜豆，豆角，筷豆
4711247272001,,統稱(其他),蘆薈,Aloe,Aloe vera chinensis,
4711247272018,,統稱(其他),蘆薈,Aloe,Aloe vera chinensis,
4711247272094,SV9,統稱(其他),蘆薈,Aloe,Aloe vera chinensis,
4711247273008,,統稱(其他),蘆筍類,Asparagus,Asparagus officinalis  L.,石刁柏，野天門冬，松葉土當歸
4711247273015,,統稱(其他),蘆筍類,Asparagus,Asparagus officinalis  L.,石刁柏，野天門冬，松葉土當歸
4711247273091,,統稱(其他),蘆筍類,Asparagus,Asparagus officinalis  L.,石刁柏，野天門冬，松葉土當歸
4711247273107,SV2,,綠蘆筍,Green asparagus,Asparagus officinalis  L.,石刁柏，野天門冬，松葉土當歸
4711247273114,,,綠蘆筍,Green asparagus,Asparagus officinalis  L.,石刁柏，野天門冬，松葉土當歸
4711247141017,,統稱(其他),豆瓣菜,Water cress,Nasturtium officinale  R. Br.,西洋菜，水芥，水田芥，無心芥
4711247141093,,統稱(其他),豆瓣菜,Water cress,Nasturtium officinale  R. Br.,西洋菜，水芥，水田芥，無心芥
4711247142007,,統稱(其他),蘿蔔,NA,,
4711247142014,,統稱(其他),蘿蔔,NA,,
4711247142090,,統稱(其他),蘿蔔,NA,,
4711247142106,,大梅花，板葉蘿蔔(明和),蘿蔔,Chinese radish， Daikon,Raphanus sativus  L. Daikon group,菜頭， 萊服，萊頭，仙人骨
4711247142113,,大梅花，板葉蘿蔔(明和),蘿蔔,Chinese radish， Daikon,Raphanus sativus  L. Daikon group,菜頭， 萊服，萊頭，仙人骨
4711247142199,SA9,大梅花，板葉蘿蔔(明和),蘿蔔,Chinese radish， Daikon,Raphanus sativus  L. Daikon group,菜頭， 萊服，萊頭，仙人骨
4711247142205,,台中一號(翠玉),葉蘿蔔,Leafy radish,Raphanus sativus  L. Daikon group,菜頭葉
4711247142212,,台中一號(翠玉),葉蘿蔔,Leafy radish,Raphanus sativus  L. Daikon group,菜頭葉
4711247398312,,,秀珍菇,Oyster mushroom,Pleurotus ostreatus,蠔菇
4711247398329,,,秀珍菇,Oyster mushroom,Pleurotus ostreatus,蠔菇
4711247398398,,,秀珍菇,Oyster mushroom,Pleurotus ostreatus,蠔菇
4711247398404,MK1,,鴻禧菇,NA,Hypsizigus marmoreus,真姬菇，蟹味菇，靈芝菇
4711247398411,,,鴻禧菇,NA,Hypsizigus marmoreus,真姬菇，蟹味菇，靈芝菇
4711247398428,,,鴻禧菇,NA,Hypsizigus marmoreus,真姬菇，蟹味菇，靈芝菇
4711247398497,,,鴻禧菇,NA,Hypsizigus marmoreus,真姬菇，蟹味菇，靈芝菇
4711247315005,,統稱(其他),大果番茄,Tomato,Lycopersicum esculetum  Mill.,柑仔蜜，臭柿子，西紅柿
4711247315012,,統稱(其他),大果番茄,Tomato,Lycopersicum esculetum  Mill.,柑仔蜜，臭柿子，西紅柿
4711247315029,,統稱(其他),大果番茄,Tomato,Lycopersicum esculetum  Mill.,柑仔蜜，臭柿子，西紅柿
4711247315098,,統稱(其他),大果番茄,Tomato,Lycopersicum esculetum  Mill.,柑仔蜜，臭柿子，西紅柿
4711247315104,FJ1,亞蔬10號，雙福，瑞祥，33號,黑柿,Tomato,Lycopersicum esculetum  Mill.,一點紅，柑仔蜜，臭柿子，西紅柿
4711247315111,,亞蔬10號，雙福，瑞祥，33號,黑柿,Tomato,Lycopersicum esculetum  Mill.,一點紅，柑仔蜜，臭柿子，西紅柿
4711247315128,,亞蔬10號，雙福，瑞祥，33號,黑柿,Tomato,Lycopersicum esculetum  Mill.,一點紅，柑仔蜜，臭柿子，西紅柿
4711247315197,,亞蔬10號，雙福，瑞祥，33號,黑柿,Tomato,Lycopersicum esculetum  Mill.,一點紅，柑仔蜜，臭柿子，西紅柿
4711247315203,FJ3,荷蘭種,牛番茄,Tomato,Lycopersicum esculetum  Mill.,牛肉番茄，柑仔蜜，臭柿子，西紅柿
4711247315210,,荷蘭種,牛番茄,Tomato,Lycopersicum esculetum  Mill.,牛肉番茄，柑仔蜜，臭柿子，西紅柿
4711247216111,,花蓮1號，農友山苦瓜,山苦瓜,kakorot,Momordica charantia  var.   abbreviata.  Ser.,野苦瓜，短果苦瓜，假苦瓜，小苦瓜
4711247216128,,花蓮1號，農友山苦瓜,山苦瓜,kakorot,Momordica charantia  var.   abbreviata.  Ser.,野苦瓜，短果苦瓜，假苦瓜，小苦瓜
4711247216142,,花蓮1號，農友山苦瓜,山苦瓜,kakorot,Momordica charantia  var.   abbreviata.  Ser.,野苦瓜，短果苦瓜，假苦瓜，小苦瓜
4711247216197,FG9,花蓮1號，農友山苦瓜,山苦瓜,kakorot,Momordica charantia  var.   abbreviata.  Ser.,野苦瓜，短果苦瓜，假苦瓜，小苦瓜
4711247216203,FG4,珍珠苦瓜，粉青,綠苦瓜,NA,Momordica charantia  L.,
4711247216210,,珍珠苦瓜，粉青,綠苦瓜,NA,Momordica charantia  L.,
4711247216227,,珍珠苦瓜，粉青,綠苦瓜,NA,Momordica charantia  L.,
4711247216241,,珍珠苦瓜，粉青,綠苦瓜,NA,Momordica charantia  L.,
4711247216296,FG9,珍珠苦瓜，粉青,綠苦瓜,NA,Momordica charantia  L.,
4711247216302,FG1,高月，月華，日寶，大吉，青蓮,白苦瓜,Bitter melon,Momordica charantia  L.,錦荔枝，癩瓜，涼瓜，菩達
4711247039390,SH9,,初級加工綠竹筍,Bamboo shoot ， Green bamboo sprout， Bamboo sprout,Bambusa oldhamii  Munro,綠仔筍， 甜竹，毛綠竹，烏藥竹
4711247039406,SH1,,鮮食麻竹筍,Bamboo shoot ， Bamboo sprout,Dendrocalamus latiflorus  Munro,大綠竹，瓦坭竹，巨麻竹，巨竹，美濃麻竹
4711247039413,,,鮮食麻竹筍,Bamboo shoot ， Bamboo sprout,Dendrocalamus latiflorus  Munro,大綠竹，瓦坭竹，巨麻竹，巨竹，美濃麻竹
4711247039505,,,初級加工麻竹筍,Bamboo shoot ， Bamboo sprout,Dendrocalamus latiflorus  Munro,大綠竹，瓦坭竹，巨麻竹，巨竹，美濃麻竹
4711247039512,,,初級加工麻竹筍,Bamboo shoot ， Bamboo sprout,Dendrocalamus latiflorus  Munro,大綠竹，瓦坭竹，巨麻竹，巨竹，美濃麻竹
4711247039598,,,初級加工麻竹筍,Bamboo shoot ， Bamboo sprout,Dendrocalamus latiflorus  Munro,大綠竹，瓦坭竹，巨麻竹，巨竹，美濃麻竹
4711247039604,SH3,,鮮食桂竹筍,Bamboo shoot ， Bamboo sprout,Phyllostachys makinoi  Hayata,簍竹，桂竹仔筍，石竹仔筍，布袋竹
4711247039611,,,鮮食桂竹筍,Bamboo shoot ， Bamboo sprout,Phyllostachys makinoi  Hayata,簍竹，桂竹仔筍，石竹仔筍，布袋竹
4711247039697,SH9,,鮮食桂竹筍,Bamboo shoot ， Bamboo sprout,Phyllostachys makinoi  Hayata,簍竹，桂竹仔筍，石竹仔筍，布袋竹
4711247039703,,,初級加工桂竹筍,Bamboo shoot ， Bamboo sprout,Phyllostachys makinoi  Hayata,簍竹，桂竹仔筍，石竹仔筍，布袋竹
4711247225397,,,塊型紅肉山藥,Yam,Dioscorea  spp.,山藩，淮山，薯蕷， 山芋，藷蕷，黃藥子，山慈姑，獨黃
4711247225403,,台農1號,塊型白肉山藥,Yam,Dioscorea  spp.,山藩，淮山，薯蕷， 山芋，藷蕷，黃藥子，山慈姑，獨黃
4711247225410,,台農1號,塊型白肉山藥,Yam,Dioscorea  spp.,山藩，淮山，薯蕷， 山芋，藷蕷，黃藥子，山慈姑，獨黃
4711247225496,,台農1號,塊型白肉山藥,Yam,Dioscorea  spp.,山藩，淮山，薯蕷， 山芋，藷蕷，黃藥子，山慈姑，獨黃
4711247227001,,統稱(其他),玉米類,NA,,玉蜀黍，包穀，包粟
4711247227018,,統稱(其他),玉米類,NA,,玉蜀黍，包穀，包粟
4711247227094,,統稱(其他),玉米類,NA,,玉蜀黍，包穀，包粟
4711247227100,,華珍,甜玉米,Sweet corn,Zea mays  L. ssp.  mays,甜玉蜀黍
4711247227117,,華珍,甜玉米,Sweet corn,Zea mays  L. ssp.  mays,甜玉蜀黍
4711247227193,,華珍,甜玉米,Sweet corn,Zea mays  L. ssp.  mays,甜玉蜀黍
4711247397612,,,金針菇,Golden Mushroom,Flammulina velutipes  (Curt Karst),榎菇，金絲菇，金菇
4711247397629,,,金針菇,Golden Mushroom,Flammulina velutipes  (Curt Karst),榎菇，金絲菇，金菇
4711247397698,,,金針菇,Golden Mushroom,Flammulina velutipes  (Curt Karst),榎菇，金絲菇，金菇
4711247397704,MD1,,香菇,Shiitake,Lentinus edodes  (Berk) Sing.,香菰 ，香蕈
4711247397711,,,香菇,Shiitake,Lentinus edodes  (Berk) Sing.,香菰 ，香蕈
4711247397728,,,香菇,Shiitake,Lentinus edodes  (Berk) Sing.,香菰 ，香蕈
4711247397797,,,香菇,Shiitake,Lentinus edodes  (Berk) Sing.,香菰 ，香蕈
4711247397803,ML1,,珊瑚菇,Golden oyster,Pleurotus citrinopoleatus  Sing,黃蘑，黃金菇，玉皇菇
4711247397810,,,珊瑚菇,Golden oyster,Pleurotus citrinopoleatus  Sing,黃蘑，黃金菇，玉皇菇
4711247397827,,,珊瑚菇,Golden oyster,Pleurotus citrinopoleatus  Sing,黃蘑，黃金菇，玉皇菇
4711247097703,,,初級加工大葉芥菜,large leaf mustard， brown mustard,Brassica juncea  (L.) Czernj. et Coss. var.  rugosa  Bailey,刈菜， 孤腰菜 ，大芥菜，長年菜，大葉皺葉芥
4711247097710,,,初級加工大葉芥菜,large leaf mustard， brown mustard,Brassica juncea  (L.) Czernj. et Coss. var.  rugosa  Bailey,刈菜， 孤腰菜 ，大芥菜，長年菜，大葉皺葉芥
4711247097796,,,初級加工大葉芥菜,large leaf mustard， brown mustard,Brassica juncea  (L.) Czernj. et Coss. var.  rugosa  Bailey,刈菜， 孤腰菜 ，大芥菜，長年菜，大葉皺葉芥
4711247097802,,,脫水大葉芥菜,large leaf mustard， brown mustard,Brassica juncea  (L.) Czernj. et Coss. var.  rugosa  Bailey,刈菜， 孤腰菜 ，大芥菜，長年菜，大葉皺葉芥
4711247097819,,,脫水大葉芥菜,large leaf mustard， brown mustard,Brassica juncea  (L.) Czernj. et Coss. var.  rugosa  Bailey,刈菜， 孤腰菜 ，大芥菜，長年菜，大葉皺葉芥
4711247097895,,,脫水大葉芥菜,large leaf mustard， brown mustard,Brassica juncea  (L.) Czernj. et Coss. var.  rugosa  Bailey,刈菜， 孤腰菜 ，大芥菜，長年菜，大葉皺葉芥
4711247098106,,,大心芥菜,Big stem mustard,Brassica juncea  var.  crassicaulis  Chen et Yang,大骨芥菜，菜心，大菜心，大莖菜，莖用芥菜
4711247098113,,,大心芥菜,Big stem mustard,Brassica juncea  var.  crassicaulis  Chen et Yang,大骨芥菜，菜心，大菜心，大莖菜，莖用芥菜
4711247098199,,,大心芥菜,Big stem mustard,Brassica juncea  var.  crassicaulis  Chen et Yang,大骨芥菜，菜心，大菜心，大莖菜，莖用芥菜
4711247103008,,統稱(其他),瑞典蕪菁,Swede， Swede turnip， Rutabaga,Brassica napus   L. var.  napobrassica  (L.)Reichb.,
4711247236096,,統稱(其他),甘蔗筍,Sugarcane grass,Saccharum officinarum  cv. ’Badila’,甘蔗心
4711247237000,LP2,統稱(其他),羅勒,Basil， Sweet basil,Ocimum basilicum  L.,九層塔，零稜香，佩蘭，菜板草
4711247237017,,統稱(其他),羅勒,Basil， Sweet basil,Ocimum basilicum  L.,九層塔，零稜香，佩蘭，菜板草
4711247237093,,統稱(其他),羅勒,Basil， Sweet basil,Ocimum basilicum  L.,九層塔，零稜香，佩蘭，菜板草
4711247240000,,統稱(其他),紫蘇,Perilla， Purple perilla,Perilla frutescens  (L.) Britt. var.  crispa  (Thunb.) Decne,蘇草，紅紫蘇，赤葉草，貴荏，綠紫蘇，青紫蘇
4711247240017,,統稱(其他),紫蘇,Perilla， Purple perilla,Perilla frutescens  (L.) Britt. var.  crispa  (Thunb.) Decne,蘇草，紅紫蘇，赤葉草，貴荏，綠紫蘇，青紫蘇
4711247240093,,統稱(其他),紫蘇,Perilla， Purple perilla,Perilla frutescens  (L.) Britt. var.  crispa  (Thunb.) Decne,蘇草，紅紫蘇，赤葉草，貴荏，綠紫蘇，青紫蘇
4711247240109,,,紅紫蘇,Beef-steak plant， Perilla,Perilla frutescens  (L.) Britt. var.  crispa  (Thunb.) Decne,赤葉草
4711247240116,,,紅紫蘇,Beef-steak plant， Perilla,Perilla frutescens  (L.) Britt. var.  crispa  (Thunb.) Decne,赤葉草
4711247240192,,,紅紫蘇,Beef-steak plant， Perilla,Perilla frutescens  (L.) Britt. var.  crispa  (Thunb.) Decne,赤葉草
4711247286008,,統稱(其他),蓮類,NA,,
4711247286015,,統稱(其他),蓮類,NA,,
4711247286091,,統稱(其他),蓮類,NA,,
4711247286107,,,蓮子,Lotus seeds， Nelumbinis Semen,Nelumbo nucifera  Gaertn,蓮薏
4711247286114,,,蓮子,Lotus seeds， Nelumbinis Semen,Nelumbo nucifera  Gaertn,蓮薏
4711247286190,,,蓮子,Lotus seeds， Nelumbinis Semen,Nelumbo nucifera  Gaertn,蓮薏
4711247286206,,,蓮藕,East Indian lotus,Nelumbo nucifera  Gaertn,
4711247286213,,,蓮藕,East Indian lotus,Nelumbo nucifera  Gaertn,
4711247286299,,,蓮藕,East Indian lotus,Nelumbo nucifera  Gaertn,
4711247286305,,,蓮花,Lotus,Nelumbo nucifera  Gaertn,荷花
4711247364003,,統稱(其他),水芹,Water dropwort,Oenanthe stolonifera  (Roxb)Wall.,水斳，河芹，小葉芹，野水芹，野芹菜
4711247364010,,統稱(其他),水芹,Water dropwort,Oenanthe stolonifera  (Roxb)Wall.,水斳，河芹，小葉芹，野水芹，野芹菜
4711247364096,,統稱(其他),水芹,Water dropwort,Oenanthe stolonifera  (Roxb)Wall.,水斳，河芹，小葉芹，野水芹，野芹菜
4711247365000,,統稱(其他),香芹,Parsley,Petroselinum crispum   (Mill.) Nyman var.  crispum,洋芫荽
4711247365017,,統稱(其他),香芹,Parsley,Petroselinum crispum   (Mill.) Nyman var.  crispum,洋芫荽
4711247365093,,統稱(其他),香芹,Parsley,Petroselinum crispum   (Mill.) Nyman var.  crispum,洋芫荽
4711247366007,,統稱(其他),野薑花,NA,Hedychium coronarium   Koenig,穗花山奈，蝴蝶花，立芨，蝴蝶薑，白蝴蝶花
4711247366014,,統稱(其他),野薑花,NA,Hedychium coronarium   Koenig,穗花山奈，蝴蝶花，立芨，蝴蝶薑，白蝴蝶花
4711247366090,,統稱(其他),野薑花,NA,Hedychium coronarium   Koenig,穗花山奈，蝴蝶花，立芨，蝴蝶薑，白蝴蝶花
4711247367004,,統稱(其他),蘘荷,Miyoga ginger,Zingiber mioga  Roscse,山薑，觀音花，野薑
4711247025010,,統稱(其他),莧菜類,Edible amaranth， Amaranthus,Amaranthus  spp.,荇菜， 莕菜 ，茵菜
4711247025027,,統稱(其他),莧菜類,Edible amaranth， Amaranthus,Amaranthus  spp.,荇菜， 莕菜 ，茵菜
4711247025096,,統稱(其他),莧菜類,Edible amaranth， Amaranthus,Amaranthus  spp.,荇菜， 莕菜 ，茵菜
4711247025102,LM1,紅莧,紅莧菜,Edible amaranth， Amaranthus,Amaranthus  spp.,荇菜， 莕菜 ，茵菜
4711247025119,,紅莧,紅莧菜,Edible amaranth， Amaranthus,Amaranthus  spp.,荇菜， 莕菜 ，茵菜
4711247025126,LM8,紅莧,紅莧菜,Edible amaranth， Amaranthus,Amaranthus  spp.,荇菜， 莕菜 ，茵菜
4711247025195,,紅莧,紅莧菜,Edible amaranth， Amaranthus,Amaranthus  spp.,荇菜， 莕菜 ，茵菜
4711247025201,LM2,白莧,白莧菜,Edible amaranth， Amaranthus,Amaranthus  spp.,荇菜， 莕菜 ，茵菜
4711247025218,,白莧,白莧菜,Edible amaranth， Amaranthus,Amaranthus  spp.,荇菜， 莕菜 ，茵菜
4711247025225,LM8,白莧,白莧菜,Edible amaranth， Amaranthus,Amaranthus  spp.,荇菜， 莕菜 ，茵菜
4711247296007,,統稱(其他),食茱萸,NA,Zanthoxylum ailanthoides  Sieb. et Zucc.,紅刺蔥，鳥不踏，越椒，刺江某，刺紅某，艾子
4711247296014,,統稱(其他),食茱萸,NA,Zanthoxylum ailanthoides  Sieb. et Zucc.,紅刺蔥，鳥不踏，越椒，刺江某，刺紅某，艾子
4711247296090,,統稱(其他),食茱萸,NA,Zanthoxylum ailanthoides  Sieb. et Zucc.,紅刺蔥，鳥不踏，越椒，刺江某，刺紅某，艾子
4711247297004,,統稱(其他),蕺菜,Chameleon Plant， Heartleaf， Saururis， tsi,Houttuynia cordata  Thunb.,魚腥草，臭臊草，臭腥草，臭瘥草，手藥
4711247297011,,統稱(其他),蕺菜,Chameleon Plant， Heartleaf， Saururis， tsi,Houttuynia cordata  Thunb.,魚腥草，臭臊草，臭腥草，臭瘥草，手藥
4711247297097,,統稱(其他),蕺菜,Chameleon Plant， Heartleaf， Saururis， tsi,Houttuynia cordata  Thunb.,魚腥草，臭臊草，臭腥草，臭瘥草，手藥
4711247298001,,,辣椒,Chili,Capsicum annuum  L.,番仔薑，紅辣椒
4711247298018,,,辣椒,Chili,Capsicum annuum  L.,番仔薑，紅辣椒
4711247298094,FV9,,辣椒,Chili,Capsicum annuum  L.,番仔薑，紅辣椒
4711247298100,FV3,,雞心辣椒,Chili,Capsicum annuum  L.,番仔薑，紅辣椒
4711247222204,FU2,綠皮種,隼人瓜苗,Chayote shoots， Vegetable pear shoots,Sechium edule  (Jacq.) Swartz.,龍鬚菜，佛手瓜苗
4711247222211,,綠皮種,隼人瓜苗,Chayote shoots， Vegetable pear shoots,Sechium edule  (Jacq.) Swartz.,龍鬚菜，佛手瓜苗
4711247222297,,綠皮種,隼人瓜苗,Chayote shoots， Vegetable pear shoots,Sechium edule  (Jacq.) Swartz.,龍鬚菜，佛手瓜苗
4711247223003,,統稱(其他),蛇瓜,Snake gourd， Club gourd,Trichosanthes anguina  L.,蠻果，蛇王瓜
4711247223010,,統稱(其他),蛇瓜,Snake gourd， Club gourd,Trichosanthes anguina  L.,蠻果，蛇王瓜
4711247223096,,統稱(其他),蛇瓜,Snake gourd， Club gourd,Trichosanthes anguina  L.,蠻果，蛇王瓜
4711247224000,SK1,統稱(其他),荸薺,Water chestnut， Ma-Tai,Eleocharis dulcis  (Burm. f.) Trin. ex Henschel,地栗，馬蹄，馬薯，烏芋，水燈心草，水蔥仔
4711247224017,,統稱(其他),荸薺,Water chestnut， Ma-Tai,Eleocharis dulcis  (Burm. f.) Trin. ex Henschel,地栗，馬蹄，馬薯，烏芋，水燈心草，水蔥仔
4711247224093,,統稱(其他),荸薺,Water chestnut， Ma-Tai,Eleocharis dulcis  (Burm. f.) Trin. ex Henschel,地栗，馬蹄，馬薯，烏芋，水燈心草，水蔥仔
4711247225007,,統稱(其他),山藥類,Yam,Dioscorea  spp.,山藩，淮山，薯蕷， 山芋，藷蕷，黃藥子，山慈姑，獨黃
4711247373500,SX3,,豌豆芽,Garden pea sprout,Pisum sativum  L.,
4711247373517,,,豌豆芽,Garden pea sprout,Pisum sativum  L.,
4711247373524,,,豌豆芽,Garden pea sprout,Pisum sativum  L.,
4711247373531,,,豌豆芽,Garden pea sprout,Pisum sativum  L.,
4711247373593,,,豌豆芽,Garden pea sprout,Pisum sativum  L.,
4711247373609,SX0,,蠶豆芽,Broad bean sprout,Vicia faba  L.,
4711247373616,,,蠶豆芽,Broad bean sprout,Vicia faba  L.,
4711247373623,,,蠶豆芽,Broad bean sprout,Vicia faba  L.,
4711247373630,,,蠶豆芽,Broad bean sprout,Vicia faba  L.,
4711247373692,,,蠶豆芽,Broad bean sprout,Vicia faba  L.,
4711247353007,,統稱(其他),東方芹,NA,,
4711247353014,,統稱(其他),東方芹,NA,,
4711247353090,LG9,統稱(其他),東方芹,NA,,
4711247353106,,白骨青葉，白骨白葉，白芹，黃心芹菜，田尾黃心,葉芹,Celery,Apium graveolens  L. var.  secalnum,旱芹， 藥芹，芹菜，塘蒿
4711247353113,,白骨青葉，白骨白葉，白芹，黃心芹菜，田尾黃心,葉芹,Celery,Apium graveolens  L. var.  secalnum,旱芹， 藥芹，芹菜，塘蒿
4711247353199,,白骨青葉，白骨白葉，白芹，黃心芹菜，田尾黃心,葉芹,Celery,Apium graveolens  L. var.  secalnum,旱芹， 藥芹，芹菜，塘蒿
4711247353205,LG5,抽管芹,芹菜管,Celery,Apium graveolens  L. var.  secalnum,芹菜弄
4711247353212,,抽管芹,芹菜管,Celery,Apium graveolens  L. var.  secalnum,芹菜弄
4711247353298,LG9,抽管芹,芹菜管,Celery,Apium graveolens  L. var.  secalnum,芹菜弄
4711247355001,,統稱(其他),根芹菜,Celeriac， Turnip-rooted celery,Apium graveolens  L. var.  rapaceum  Mill.,
4711247256513,,台中15號， 黑目,豌豆苗,Leafy pae，                Tender-shoot pea,Pisum sativum  L.,荷蘭豆鬚
4711247256520,,台中15號， 黑目,豌豆苗,Leafy pae，                Tender-shoot pea,Pisum sativum  L.,荷蘭豆鬚
4711247256599,FL9,台中15號， 黑目,豌豆苗,Leafy pae，                Tender-shoot pea,Pisum sativum  L.,荷蘭豆鬚
4711247267007,FN4,統稱(其他),翼豆,Winged bean,Psophocarpus tetragonolobus  DC.,四棱豆、龍豆、楊桃豆、翅豆、四角豆
4711247267014,,統稱(其他),翼豆,Winged bean,Psophocarpus tetragonolobus  DC.,四棱豆、龍豆、楊桃豆、翅豆、四角豆
4711247267090,,統稱(其他),翼豆,Winged bean,Psophocarpus tetragonolobus  DC.,四棱豆、龍豆、楊桃豆、翅豆、四角豆
4711247268004,,統稱(其他),蠶豆,Broad bean,Vicia faba   L.,胡豆，佛豆，羅漢豆，馬齒豆
4711247268011,,統稱(其他),蠶豆,Broad bean,Vicia faba   L.,胡豆，佛豆，羅漢豆，馬齒豆
4711247268097,,統稱(其他),蠶豆,Broad bean,Vicia faba   L.,胡豆，佛豆，羅漢豆，馬齒豆
4711247269001,,苦瓜豆，三尺青皮，白皮白仁，白皮黑灰仁,豇豆統稱(其他),Asparagus bean， Yard long bean,Vigna unguiculata  (L.) Walp. ssp.  sesquipedalis  Verdn.,菜豆，豆角，筷豆
4711247390606,,,石蓴,Green laver， Lettuce laver， Sea grass， Sea lettuce,Ulva lactuca  L.,菜石蓴， 海青菜， 粗海菜， 岩頭青
4711247390613,,,石蓴,Green laver， Lettuce laver， Sea grass， Sea lettuce,Ulva lactuca  L.,菜石蓴， 海青菜， 粗海菜， 岩頭青
4711247390699,,,石蓴,Green laver， Lettuce laver， Sea grass， Sea lettuce,Ulva lactuca  L.,菜石蓴， 海青菜， 粗海菜， 岩頭青
4711247396004,,統稱(其他),食用菌類,NA,,
4711247396011,,統稱(其他),食用菌類,NA,,
4711247396028,,統稱(其他),食用菌類,NA,,
4711247396097,,統稱(其他),食用菌類,NA,,
4711247396103,MG1,,巴西蘑菇,ABM mushroom,Agaricus blazei  Murrill,姬松茸
4711247396110,,,巴西蘑菇,ABM mushroom,Agaricus blazei  Murrill,姬松茸
4711247396127,,,巴西蘑菇,ABM mushroom,Agaricus blazei  Murrill,姬松茸
4711247298117,,,雞心辣椒,Chili,Capsicum annuum  L.,番仔薑，紅辣椒
4711247298193,FV9,,雞心辣椒,Chili,Capsicum annuum  L.,番仔薑，紅辣椒
4711247298209,,,紅辣椒,Chili,Capsicum annuum  L.,番仔薑，紅辣椒
4711247298216,,,紅辣椒,Chili,Capsicum annuum  L.,番仔薑，紅辣椒
4711247298292,,,紅辣椒,Chili,Capsicum annuum  L.,番仔薑，紅辣椒
4711247298308,,,青辣椒,Chili,Capsicum annuum  L.,番仔薑
4711247298315,,,青辣椒,Chili,Capsicum annuum  L.,番仔薑
4711247298391,,,青辣椒,Chili,Capsicum annuum  L.,番仔薑
4711247298407,,,(其他),NA,Capsicum  spp.,
4711247298414,,,(其他),NA,Capsicum  spp.,
4711247103015,,統稱(其他),瑞典蕪菁,Swede， Swede turnip， Rutabaga,Brassica napus   L. var.  napobrassica  (L.)Reichb.,
4711247103091,,統稱(其他),瑞典蕪菁,Swede， Swede turnip， Rutabaga,Brassica napus   L. var.  napobrassica  (L.)Reichb.,
4711247104005,,統稱(其他),甘藍類,NA,,
4711247104012,,統稱(其他),甘藍類,NA,,
4711247104098,LA9,統稱(其他),甘藍類,NA,,
4711247104104,LA1,初秋， 夏峰，高峰,甘藍,Cabbage,Brassica oleracea  L. var.  capitata  L.,高麗菜，包菜 ，蓮花菜，捲心菜，洋白菜
4711247104111,,初秋， 夏峰，高峰,甘藍,Cabbage,Brassica oleracea  L. var.  capitata  L.,高麗菜，包菜 ，蓮花菜，捲心菜，洋白菜
4711247104197,LA9,初秋， 夏峰，高峰,甘藍,Cabbage,Brassica oleracea  L. var.  capitata  L.,高麗菜，包菜 ，蓮花菜，捲心菜，洋白菜
4711247104203,LA4,日本帥，旭光,紫甘藍,Red cabbage,Brassica oleracea  L. var.  rubra  DC.,紅色高麗菜，紅玉菜，紫甘藍，紫高麗菜
4711247104210,,日本帥，旭光,紫甘藍,Red cabbage,Brassica oleracea  L. var.  rubra  DC.,紅色高麗菜，紅玉菜，紫甘藍，紫高麗菜
4711247074025,LI8,統稱(其他),萵苣類,NA,Lactuca sativa  L.,
4711247074032,,統稱(其他),萵苣類,NA,Lactuca sativa  L.,
4711247074094,LI9,統稱(其他),萵苣類,NA,Lactuca sativa  L.,
4711247074100,,,葉萵苣,Cutting lettuce， Leaf lettuce,Lactuca sativa  L.,萵仔菜，A菜，鵝仔菜
4711247074117,,,葉萵苣,Cutting lettuce， Leaf lettuce,Lactuca sativa  L.,萵仔菜，A菜，鵝仔菜
4711247074124,,,葉萵苣,Cutting lettuce， Leaf lettuce,Lactuca sativa  L.,萵仔菜，A菜，鵝仔菜
4711247074131,,,葉萵苣,Cutting lettuce， Leaf lettuce,Lactuca sativa  L.,萵仔菜，A菜，鵝仔菜
4711247074193,,,葉萵苣,Cutting lettuce， Leaf lettuce,Lactuca sativa  L.,萵仔菜，A菜，鵝仔菜
4711247074209,,,結球萵苣,Head lettuce,Lactuca sativa  var.  capitata  L.,球萵苣，包心萵苣，捲心萵苣菜，包心妹仔菜，包心媚仔菜
4711247074216,,,結球萵苣,Head lettuce,Lactuca sativa  var.  capitata  L.,球萵苣，包心萵苣，捲心萵苣菜，包心妹仔菜，包心媚仔菜
4711247127226,LD8,,青梗白菜,Pak-choi， Chinese mustard， Ching gan tsai,Brassica rapa  L. var.  chinensis  Rupn,青江白菜，大頭白菜，湯匙菜
4711247127233,,,青梗白菜,Pak-choi， Chinese mustard， Ching gan tsai,Brassica rapa  L. var.  chinensis  Rupn,青江白菜，大頭白菜，湯匙菜
4711247127295,,,青梗白菜,Pak-choi， Chinese mustard， Ching gan tsai,Brassica rapa  L. var.  chinensis  Rupn,青江白菜，大頭白菜，湯匙菜
4711247127301,LN1,早生，晚生，油菜花,油菜,Edible rape，Rapeseed,Brassica rapa  L.  var.  japonica,胡菜，寒菜，苔菜，雲苔
4711247127318,,早生，晚生，油菜花,油菜,Edible rape，Rapeseed,Brassica rapa  L.  var.  japonica,胡菜，寒菜，苔菜，雲苔
4711247127325,,早生，晚生，油菜花,油菜,Edible rape，Rapeseed,Brassica rapa  L.  var.  japonica,胡菜，寒菜，苔菜，雲苔
4711247127394,,早生，晚生，油菜花,油菜,Edible rape，Rapeseed,Brassica rapa  L.  var.  japonica,胡菜，寒菜，苔菜，雲苔
4711247127400,,,油菜苔,Edible rape，Rapeseed,Brassica rapa  L.  var.  japonica,油菜心
4711247127417,,,油菜苔,Edible rape，Rapeseed,Brassica rapa  L.  var.  japonica,油菜心
4711247127424,,,油菜苔,Edible rape，Rapeseed,Brassica rapa  L.  var.  japonica,油菜心
4711247291002,,統稱(其他),何首烏,Fleece flower root,Polygonum multiflorum  Thunb.,
4711247291019,,統稱(其他),何首烏,Fleece flower root,Polygonum multiflorum  Thunb.,
4711247291095,,統稱(其他),何首烏,Fleece flower root,Polygonum multiflorum  Thunb.,
4711247292009,LY3,統稱(其他),馬齒莧,Purslane,Portulaca oleracea  L.,豬母乳，長命菜，五行草，馬莧，瓜子菜，馬子菜
4711247292016,,統稱(其他),馬齒莧,Purslane,Portulaca oleracea  L.,豬母乳，長命菜，五行草，馬莧，瓜子菜，馬子菜
4711247292092,,統稱(其他),馬齒莧,Purslane,Portulaca oleracea  L.,豬母乳，長命菜，五行草，馬莧，瓜子菜，馬子菜
4711247293006,45,統稱(其他),草莓,Strawberry,Fragaria ananassa  Duch,
4711247293013,,統稱(其他),草莓,Strawberry,Fragaria ananassa  Duch,
4711247293020,,統稱(其他),草莓,Strawberry,Fragaria ananassa  Duch,
4711247293099,459,統稱(其他),草莓,Strawberry,Fragaria ananassa  Duch,
4711247347099,,統稱(其他),菱角,Water caltrop,Trapa bicornis  L.,菱，龍角，水花生菱，元寶，紅菱，水中落花生，羊角
4711247349000,,統稱(其他),蒔蘿,Dill,Anethum graveolens  L.,小茴香，土茴香，慈謀勒
4711247349017,,統稱(其他),蒔蘿,Dill,Anethum graveolens  L.,小茴香，土茴香，慈謀勒
4711247349093,,統稱(其他),蒔蘿,Dill,Anethum graveolens  L.,小茴香，土茴香，慈謀勒
4711247350006,,統稱(其他),明日葉,Ashitaba,Angelica keiskei,長壽草，八丈草，還陽草，珍立草，鹹草，明日草，海峰人參，天賜草
4711247350013,,統稱(其他),明日葉,Ashitaba,Angelica keiskei,長壽草，八丈草，還陽草，珍立草，鹹草，明日草，海峰人參，天賜草
4711247350099,,統稱(其他),明日葉,Ashitaba,Angelica keiskei,長壽草，八丈草，還陽草，珍立草，鹹草，明日草，海峰人參，天賜草
4711247351003,LG3,統稱(其他),西洋芹,Celery,Apium graveolens  L. var.  dulce,洋芹菜，金白芹菜，巨無霸芹菜
4711247351010,,統稱(其他),西洋芹,Celery,Apium graveolens  L. var.  dulce,洋芹菜，金白芹菜，巨無霸芹菜
4711247351096,LG9,統稱(其他),西洋芹,Celery,Apium graveolens  L. var.  dulce,洋芹菜，金白芹菜，巨無霸芹菜
4711247085090,,統稱(其他),欵冬,Butterbur， Fuki,Petasites japonicus   (Siebold et Zucc.) F. Schmidt,蕗
4711247086004,,統稱(其他),蒲公英,Dandelion,Taraxacum officinale  Wiggers,鵝仔草，蒲公草，苦菜，滿地金
4711247086011,,統稱(其他),蒲公英,Dandelion,Taraxacum officinale  Wiggers,鵝仔草，蒲公草，苦菜，滿地金
4711247086097,,統稱(其他),蒲公英,Dandelion,Taraxacum officinale  Wiggers,鵝仔草，蒲公草，苦菜，滿地金
4711247087001,,統稱(其他),蕹菜類,Water convolvulus， Water spinach,Ipomoea aquatica  Forssk.,空心菜，應菜，竹葉菜，無心菜，葛菜，草菜，無心菜，甕菜
4711247087018,,統稱(其他),蕹菜類,Water convolvulus， Water spinach,Ipomoea aquatica  Forssk.,空心菜，應菜，竹葉菜，無心菜，葛菜，草菜，無心菜，甕菜
4711247087094,,統稱(其他),蕹菜類,Water convolvulus， Water spinach,Ipomoea aquatica  Forssk.,空心菜，應菜，竹葉菜，無心菜，葛菜，草菜，無心菜，甕菜
4711247087100,LF1,白骨種，屏東大葉種,大葉蕹菜,Water convolvulus， Water spinach,Ipomoea aquatica  Forssk.,空心菜，應菜，竹葉菜，無心菜，葛菜，草菜，無心菜，甕菜
4711247087117,,白骨種，屏東大葉種,大葉蕹菜,Water convolvulus， Water spinach,Ipomoea aquatica  Forssk.,空心菜，應菜，竹葉菜，無心菜，葛菜，草菜，無心菜，甕菜
4711247087193,,白骨種，屏東大葉種,大葉蕹菜,Water convolvulus， Water spinach,Ipomoea aquatica  Forssk.,空心菜，應菜，竹葉菜，無心菜，葛菜，草菜，無心菜，甕菜
4711247053303,LU1,,根菾菜,Table beet， Beetroot， Garden beet,Beta vulgaris  L. Crassa group,火焰菜
4711247053310,,,根菾菜,Table beet， Beetroot， Garden beet,Beta vulgaris  L. Crassa group,火焰菜
4711247053396,,,根菾菜,Table beet， Beetroot， Garden beet,Beta vulgaris  L. Crassa group,火焰菜
4711247056007,,日本種,菠菜,Spinach,Spinacia oleracea  L.,飛龍菜，菠菱菜，風菱菜，風龍菜，赤根菜，波斯菜，角菜
4711247056014,,日本種,菠菜,Spinach,Spinacia oleracea  L.,飛龍菜，菠菱菜，風菱菜，風龍菜，赤根菜，波斯菜，角菜
4711247056090,LH9,日本種,菠菜,Spinach,Spinacia oleracea  L.,飛龍菜，菠菱菜，風菱菜，風龍菜，赤根菜，波斯菜，角菜
4711247058001,SM1,統稱(其他),牛蒡,Edible burdock,Arctium lappa  L.,吳某，吳帽，牛菜，蒡翁菜，大力子
4711247058018,,統稱(其他),牛蒡,Edible burdock,Arctium lappa  L.,吳某，吳帽，牛菜，蒡翁菜，大力子
4711247058094,SM9,統稱(其他),牛蒡,Edible burdock,Arctium lappa  L.,吳某，吳帽，牛菜，蒡翁菜，大力子
4711247059008,,統稱(其他),角菜,White mugwort,Artemisia lactiflora  Wallich ex DC.,珍珠菜，乳白艾，香甜菜，納艾香
4711247068000,,統稱(其他),食用薊,Cardoon,Cynara cardunculus  L.,菜薊
4711247068017,,統稱(其他),食用薊,Cardoon,Cynara cardunculus  L.,菜薊
4711247068093,,統稱(其他),食用薊,Cardoon,Cynara cardunculus  L.,菜薊
4711247069007,,統稱(其他),朝鮮薊,Artichoke， Globe artichoke,Cynara scolymus  L.,洋菜薊
4711247069014,,統稱(其他),朝鮮薊,Artichoke， Globe artichoke,Cynara scolymus  L.,洋菜薊
4711247069090,,統稱(其他),朝鮮薊,Artichoke， Globe artichoke,Cynara scolymus  L.,洋菜薊
4711247070003,,統稱(其他),昭和草,Fireweed,Erechtites valerianiolia  (Wolf ex Rchb) DC.,山茼蒿，神仙菜，野木耳，飢荒菜，飛機菜，太子草
4711247070010,,統稱(其他),昭和草,Fireweed,Erechtites valerianiolia  (Wolf ex Rchb) DC.,山茼蒿，神仙菜，野木耳，飢荒菜，飛機菜，太子草
4711247070096,,統稱(其他),昭和草,Fireweed,Erechtites valerianiolia  (Wolf ex Rchb) DC.,山茼蒿，神仙菜，野木耳，飢荒菜，飛機菜，太子草
4711247071000,LQ1,統稱(其他),紅鳳菜,Gynura,Gynura bicolor  DC.,紅蓊菜，紫背天葵，紅菜
4711247005098,SD9,統稱(其他),洋葱,Onion,Allium cepa  L.,玉葱， 葱頭
4711247010009,,統稱(其他),薤,Scallion，  Rakkyo，  Baker’s garlic,Allium chinense  G. Don.,蕎頭，蕗蕎，薤頭，火葱，大韭，蕎葱
4711247010016,,統稱(其他),薤,Scallion，  Rakkyo，  Baker’s garlic,Allium chinense  G. Don.,蕎頭，蕗蕎，薤頭，火葱，大韭，蕎葱
4711247010092,,統稱(其他),薤,Scallion，  Rakkyo，  Baker’s garlic,Allium chinense  G. Don.,蕎頭，蕗蕎，薤頭，火葱，大韭，蕎葱
4711247011006,,統稱(其他),青葱類,Welsh onion， Green onion,Allium fistulosum  L.,蔥仔，和事草，菜伯，火蔥
4711247011013,,統稱(其他),青葱類,Welsh onion， Green onion,Allium fistulosum  L.,蔥仔，和事草，菜伯，火蔥
4711247011099,SE9,統稱(其他),青葱類,Welsh onion， Green onion,Allium fistulosum  L.,蔥仔，和事草，菜伯，火蔥
4711247011105,SE3,,大葱,Welsh onion， Green onion,Allium fistulosum  L.,葉葱， 一條葱
4711247011112,,,大葱,Welsh onion， Green onion,Allium fistulosum  L.,葉葱， 一條葱
4711247011198,SE9,,大葱,Welsh onion， Green onion,Allium fistulosum  L.,葉葱， 一條葱
4711247373708,SX1,,綠豆芽,Mung bean sprout,Vigna radiata  (L.) R. Wilczek,
4711247373715,,,綠豆芽,Mung bean sprout,Vigna radiata  (L.) R. Wilczek,
4711247373722,,,綠豆芽,Mung bean sprout,Vigna radiata  (L.) R. Wilczek,
4711247373739,,,綠豆芽,Mung bean sprout,Vigna radiata  (L.) R. Wilczek,
4711247373791,,,綠豆芽,Mung bean sprout,Vigna radiata  (L.) R. Wilczek,
4711247373807,SX0,,蕎麥芽,Buckwheat sprout,Fagopyrum esculentum,
4711247373814,,,蕎麥芽,Buckwheat sprout,Fagopyrum esculentum,
4711247373821,,,蕎麥芽,Buckwheat sprout,Fagopyrum esculentum,
4711247373838,,,蕎麥芽,Buckwheat sprout,Fagopyrum esculentum,
4711247373890,,,蕎麥芽,Buckwheat sprout,Fagopyrum esculentum,
4711247245012,,統稱(其他),刀豆,Sword bean， Jack bean,Canavalia gladiata  (Jacq.) DC.,關刀豆，大刀豆，挾劍豆，白鳳豆
4711247245098,,統稱(其他),刀豆,Sword bean， Jack bean,Canavalia gladiata  (Jacq.) DC.,關刀豆，大刀豆，挾劍豆，白鳳豆
4711247246002,,高雄1，2，3，5，6，7，8號,毛豆,Vegetable soy bean,Glycine max  (L.) Merrill,大豆，黃豆，枝豆
4711247246019,,高雄1，2，3，5，6，7，8號,毛豆,Vegetable soy bean,Glycine max  (L.) Merrill,大豆，黃豆，枝豆
4711247246095,FQ9,高雄1，2，3，5，6，7，8號,毛豆,Vegetable soy bean,Glycine max  (L.) Merrill,大豆，黃豆，枝豆
4711247246101,FQ2,,毛豆仁,Vegetable soy bean,Glycine max  (L.) Merrill,大豆，黃豆，枝豆
4711247246118,,,毛豆仁,Vegetable soy bean,Glycine max  (L.) Merrill,大豆，黃豆，枝豆
4711247246194,FQ9,,毛豆仁,Vegetable soy bean,Glycine max  (L.) Merrill,大豆，黃豆，枝豆
4711247246200,FQ1,,毛豆莢,Vegetable soy bean,Glycine max  (L.) Merrill,
4711247246217,,,毛豆莢,Vegetable soy bean,Glycine max  (L.) Merrill,
4711247138000,LC1,玉冠，白陽,結球白菜統稱(其他),Pe-tsai， Chinese cabbage，Celery cabbage,Brassica rapa  L. var.  pekinensis,包心白菜，卷心白菜，山東白菜，翠玉白菜，黃芽菜，大白菜
4711247138017,,玉冠，白陽,結球白菜統稱(其他),Pe-tsai， Chinese cabbage，Celery cabbage,Brassica rapa  L. var.  pekinensis,包心白菜，卷心白菜，山東白菜，翠玉白菜，黃芽菜，大白菜
4711247138093,LC9,玉冠，白陽,結球白菜統稱(其他),Pe-tsai， Chinese cabbage，Celery cabbage,Brassica rapa  L. var.  pekinensis,包心白菜，卷心白菜，山東白菜，翠玉白菜，黃芽菜，大白菜
4711247139007,,統稱(其他),蕪菁,Turnip,Brassica rapa  L. var.  rapa  (DC.) Metzg.,圓頭菜，蔓菁，諸葛菜，大頭菜
4711247139014,,統稱(其他),蕪菁,Turnip,Brassica rapa  L. var.  rapa  (DC.) Metzg.,圓頭菜，蔓菁，諸葛菜，大頭菜
4711247139090,,統稱(其他),蕪菁,Turnip,Brassica rapa  L. var.  rapa  (DC.) Metzg.,圓頭菜，蔓菁，諸葛菜，大頭菜
4711247140003,LZ1,統稱(其他),薺菜,Chinese cress， Shepherd’s purse,Capsella bursa-pastoris  L.,只只菜，薺，護生草，地米菜
4711247140010,,統稱(其他),薺菜,Chinese cress， Shepherd’s purse,Capsella bursa-pastoris  L.,只只菜，薺，護生草，地米菜
4711247140096,,統稱(其他),薺菜,Chinese cress， Shepherd’s purse,Capsella bursa-pastoris  L.,只只菜，薺，護生草，地米菜
4711247141000,LY1,統稱(其他),豆瓣菜,Water cress,Nasturtium officinale  R. Br.,西洋菜，水芥，水田芥，無心芥
4711247396691,,,柳松菇,Brown swordbelt,Agrocybe aegerita Singer,田頭菇
4711247396707,MX1,,茶樹菇,Brown swordbelt,Agrocybe aegerita Singer,
4711247396714,,,茶樹菇,Brown swordbelt,Agrocybe aegerita Singer,
4711247396721,,,茶樹菇,Brown swordbelt,Agrocybe aegerita Singer,
4711247396790,,,茶樹菇,Brown swordbelt,Agrocybe aegerita Singer,
4711247396806,MX1,,牛肝菌,Boletus rhodoxanthus,Boletus edalis  Bull. ex Fr.,大腳菇
4711247396813,,,牛肝菌,Boletus rhodoxanthus,Boletus edalis  Bull. ex Fr.,大腳菇
4711247396820,,,牛肝菌,Boletus rhodoxanthus,Boletus edalis  Bull. ex Fr.,大腳菇
4711247396899,,,牛肝菌,Boletus rhodoxanthus,Boletus edalis  Bull. ex Fr.,大腳菇
4711247397100,MX1,,雞腿菇,Shaggy ink Cap 或 Shaggy Mane,Coprinus comatus,雞腿蘑，毛頭鬼傘
4711247252102,,,大粒種萊豆,Lima bean， Butter bean,Phaseolus lunatus  Macf.,皇帝豆，白扁豆，萊瑪豆，雪豆，細綿豆，觀音豆
4711247252119,,,大粒種萊豆,Lima bean， Butter bean,Phaseolus lunatus  Macf.,皇帝豆，白扁豆，萊瑪豆，雪豆，細綿豆，觀音豆
4711247252195,,,大粒種萊豆,Lima bean， Butter bean,Phaseolus lunatus  Macf.,皇帝豆，白扁豆，萊瑪豆，雪豆，細綿豆，觀音豆
4711247252201,,,小粒種萊豆,Lima bean， Butter bean,Phaseolus lunatus  L.,皇帝豆，白扁豆，萊瑪豆，雪豆，細綿豆，觀音豆
4711247252218,,,小粒種萊豆,Lima bean， Butter bean,Phaseolus lunatus  L.,皇帝豆，白扁豆，萊瑪豆，雪豆，細綿豆，觀音豆
4711247252294,,,小粒種萊豆,Lima bean， Butter bean,Phaseolus lunatus  L.,皇帝豆，白扁豆，萊瑪豆，雪豆，細綿豆，觀音豆
4711247253000,,台中2號，白雪,菜豆,Green bean， Kindey bean， Common bean,Phaseolus vulgaris  L.,敏豆，四季豆，雲豆
4711247253017,,台中2號，白雪,菜豆,Green bean， Kindey bean， Common bean,Phaseolus vulgaris  L.,敏豆，四季豆，雲豆
4711247253093,FM9,台中2號，白雪,菜豆,Green bean， Kindey bean， Common bean,Phaseolus vulgaris  L.,敏豆，四季豆，雲豆
4711247256001,,統稱(其他),豌豆類,NA,,
4711247277105,FW1,,金針菜,Day-lily,Hemerocallis  spp.,萱草，黃花菜，忘憂，療愁，鹿箭
4711247277112,,,金針菜,Day-lily,Hemerocallis  spp.,萱草，黃花菜，忘憂，療愁，鹿箭
4711247277198,FW9,,金針菜,Day-lily,Hemerocallis  spp.,萱草，黃花菜，忘憂，療愁，鹿箭
4711247277204,FW1,,金針鮮蕾,Day-lily buds,Hemerocallis  spp.,萱草，黃花菜，忘憂，療愁，鹿箭
4711247277211,,,金針鮮蕾,Day-lily buds,Hemerocallis  spp.,萱草，黃花菜，忘憂，療愁，鹿箭
4711247277297,FW9,,金針鮮蕾,Day-lily buds,Hemerocallis  spp.,萱草，黃花菜，忘憂，療愁，鹿箭
4711247277303,SZ3,,碧玉筍,Blanching Day-lily shoot,Hemerocallis  spp.,金針筍
4711247277310,,,碧玉筍,Blanching Day-lily shoot,Hemerocallis  spp.,金針筍
4711247277396,,,碧玉筍,Blanching Day-lily shoot,Hemerocallis  spp.,金針筍
4711247278003,SZ4,統稱(其他),百合,Lily,Lilium  spp.,
4711247216319,,高月，月華，日寶，大吉，青蓮,白苦瓜,Bitter melon,Momordica charantia  L.,錦荔枝，癩瓜，涼瓜，菩達
4711247216326,,高月，月華，日寶，大吉，青蓮,白苦瓜,Bitter melon,Momordica charantia  L.,錦荔枝，癩瓜，涼瓜，菩達
4711247216340,,高月，月華，日寶，大吉，青蓮,白苦瓜,Bitter melon,Momordica charantia  L.,錦荔枝，癩瓜，涼瓜，菩達
4711247216395,FG9,高月，月華，日寶，大吉，青蓮,白苦瓜,Bitter melon,Momordica charantia  L.,錦荔枝，癩瓜，涼瓜，菩達
4711247222006,FU1,統稱(其他),隼人瓜,NA,,
4711247222013,,統稱(其他),隼人瓜,NA,,
4711247222099,,統稱(其他),隼人瓜,NA,,
4711247222105,,,隼人瓜,Chayote， Vegetable pear,Sechium edule  (Jacq.) Swartz.,梨瓜，佛手瓜，萬年瓜，香櫞瓜
4711247222112,,,隼人瓜,Chayote， Vegetable pear,Sechium edule  (Jacq.) Swartz.,梨瓜，佛手瓜，萬年瓜，香櫞瓜
4711247222198,,,隼人瓜,Chayote， Vegetable pear,Sechium edule  (Jacq.) Swartz.,梨瓜，佛手瓜，萬年瓜，香櫞瓜
4711247115018,,統稱(其他),球莖甘藍,Kohlrabi,Brassica oleracea  L. var.  gongylodes,結頭菜，菜鵠，芥頭菜，大頭菜，菜叩，芥頭菜
4711247115094,,統稱(其他),球莖甘藍,Kohlrabi,Brassica oleracea  L. var.  gongylodes,結頭菜，菜鵠，芥頭菜，大頭菜，菜叩，芥頭菜
4711247117005,FB2,統稱(其他),花椰菜,Cauliflower,Brassica oleracea  L. var.  botrytis,花菜， 菜花，花捲心菜
4711247117012,,統稱(其他),花椰菜,Cauliflower,Brassica oleracea  L. var.  botrytis,花菜， 菜花，花捲心菜
4711247117098,FB9,統稱(其他),花椰菜,Cauliflower,Brassica oleracea  L. var.  botrytis,花菜， 菜花，花捲心菜
4711247122009,FB1,統稱(其他),青花菜,Broccoli,Brassica oleracea  L. var.  italica,綠花菜， 青花椰菜， 花菜苔， 美國花菜， 青花苔
4711247122016,,統稱(其他),青花菜,Broccoli,Brassica oleracea  L. var.  italica,綠花菜， 青花椰菜， 花菜苔， 美國花菜， 青花苔
4711247122092,FB9,統稱(其他),青花菜,Broccoli,Brassica oleracea  L. var.  italica,綠花菜， 青花椰菜， 花菜苔， 美國花菜， 青花苔
4711247127004,,統稱(其他),不結球白菜類,NA,,
4711247127011,,統稱(其他),不結球白菜類,NA,,
4711247022101,,呂宋種,韭菜,Chinese chive,Allium tuberosum  Rottl. ex Sprengel,長生韭，起陽韭，草鐘乳，長生菜，懶人菜
4711247022118,,呂宋種,韭菜,Chinese chive,Allium tuberosum  Rottl. ex Sprengel,長生韭，起陽韭，草鐘乳，長生菜，懶人菜
4711247022194,,呂宋種,韭菜,Chinese chive,Allium tuberosum  Rottl. ex Sprengel,長生韭，起陽韭，草鐘乳，長生菜，懶人菜
4711247022200,SF2,呂宋種,韭黃,Blanched chinese chive,Allium tuberosum  Rottl. ex Sprengel,白韭菜
4711247022217,,呂宋種,韭黃,Blanched chinese chive,Allium tuberosum  Rottl. ex Sprengel,白韭菜
4711247022293,,呂宋種,韭黃,Blanched chinese chive,Allium tuberosum  Rottl. ex Sprengel,白韭菜
4711247022309,SF3,年花4號， 年花6號,韭菜花,Flower stalk， Chinese chive,Allium tuberosum  Rottl. ex Sprengel,
4711247022316,,年花4號， 年花6號,韭菜花,Flower stalk， Chinese chive,Allium tuberosum  Rottl. ex Sprengel,
4711247022392,,年花4號， 年花6號,韭菜花,Flower stalk， Chinese chive,Allium tuberosum  Rottl. ex Sprengel,
4711247025003,,統稱(其他),莧菜類,Edible amaranth， Amaranthus,Amaranthus  spp.,荇菜， 莕菜 ，茵菜
4711247210218,,新城白花，銀光粗鱗種，白皮種，溪州種，台農1號，台農2號,圓筒絲瓜,Vegetable sponge， smooth loofah,Luffa aegyptiaca  Mill.,菜瓜，布瓜，天絲瓜，天絡
4711247210225,,新城白花，銀光粗鱗種，白皮種，溪州種，台農1號，台農2號,圓筒絲瓜,Vegetable sponge， smooth loofah,Luffa aegyptiaca  Mill.,菜瓜，布瓜，天絲瓜，天絡
4711247210249,,新城白花，銀光粗鱗種，白皮種，溪州種，台農1號，台農2號,圓筒絲瓜,Vegetable sponge， smooth loofah,Luffa aegyptiaca  Mill.,菜瓜，布瓜，天絲瓜，天絡
4711247210294,FF9,新城白花，銀光粗鱗種，白皮種，溪州種，台農1號，台農2號,圓筒絲瓜,Vegetable sponge， smooth loofah,Luffa aegyptiaca  Mill.,菜瓜，布瓜，天絲瓜，天絡
4711247216005,,統稱(其他),苦瓜類,Balsam pear， Bitter gourd,Momordica charantia  L.,錦荔枝，癩瓜，涼瓜，菩達
4711247216012,,統稱(其他),苦瓜類,Balsam pear， Bitter gourd,Momordica charantia  L.,錦荔枝，癩瓜，涼瓜，菩達
4711247216029,,統稱(其他),苦瓜類,Balsam pear， Bitter gourd,Momordica charantia  L.,錦荔枝，癩瓜，涼瓜，菩達
4711247216043,,統稱(其他),苦瓜類,Balsam pear， Bitter gourd,Momordica charantia  L.,錦荔枝，癩瓜，涼瓜，菩達
4711247216098,,統稱(其他),苦瓜類,Balsam pear， Bitter gourd,Momordica charantia  L.,錦荔枝，癩瓜，涼瓜，菩達
4711247216104,FG3,花蓮1號，農友山苦瓜,山苦瓜,kakorot,Momordica charantia  var.   abbreviata.  Ser.,野苦瓜，短果苦瓜，假苦瓜，小苦瓜
4711247127493,,,油菜苔,Edible rape，Rapeseed,Brassica rapa  L.  var.  japonica,油菜心
4711247127509,,,烏塌菜,Broad beaked mustard,Brassica rapa  L. var.  narinosa,塔姑菜，如月菜，塌菜
4711247127516,,,烏塌菜,Broad beaked mustard,Brassica rapa  L. var.  narinosa,塔姑菜，如月菜，塌菜
4711247127592,,,烏塌菜,Broad beaked mustard,Brassica rapa  L. var.  narinosa,塔姑菜，如月菜，塌菜
4711247127608,,,菜苔,Choy sum， Mock pak choy,Brassica rapa  L. var.  parachinensis  (Bailey) Tsen et Lee,菜心
4711247127615,,,菜苔,Choy sum， Mock pak choy,Brassica rapa  L. var.  parachinensis  (Bailey) Tsen et Lee,菜心
4711247127691,,,菜苔,Choy sum， Mock pak choy,Brassica rapa  L. var.  parachinensis  (Bailey) Tsen et Lee,菜心
4711247127707,,,大油菜,Winter mustard,Brassica napus  L.,千寶菜
4711247127714,,,大油菜,Winter mustard,Brassica napus  L.,千寶菜
4711247127790,,,大油菜,Winter mustard,Brassica napus  L.,千寶菜
4711247097390,,,初級加工包心芥菜,Capitata mustard,Brassica juncea  Czernj. et Coss. var.  capitata  Hort.,芥菜仁，芥菜蕾，芥菜心
4711247097406,LJ4,竹葉種,小芥菜,Small leaf mustard,Brassica juncea  (L.) var.  foliosa  Bailey,
4711247097413,,竹葉種,小芥菜,Small leaf mustard,Brassica juncea  (L.) var.  foliosa  Bailey,
4711247097499,,竹葉種,小芥菜,Small leaf mustard,Brassica juncea  (L.) var.  foliosa  Bailey,
4711247097505,,,雪裡蕻,Tillered mustard,Brassica juncea  (L.) Czernj. et Coss. var.  multiceps  Tsen et Lee,雪裡紅
4711247097512,,,雪裡蕻,Tillered mustard,Brassica juncea  (L.) Czernj. et Coss. var.  multiceps  Tsen et Lee,雪裡紅
4711247097598,,,雪裡蕻,Tillered mustard,Brassica juncea  (L.) Czernj. et Coss. var.  multiceps  Tsen et Lee,雪裡紅
4711247097604,LJ3,,鮮食大葉芥菜,large leaf mustard， brown mustard,Brassica juncea  (L.) Czernj. et Coss. var.  rugosa  Bailey,刈菜， 孤腰菜 ，大芥菜，長年菜，大葉皺葉芥
4711247097611,,,鮮食大葉芥菜,large leaf mustard， brown mustard,Brassica juncea  (L.) Czernj. et Coss. var.  rugosa  Bailey,刈菜， 孤腰菜 ，大芥菜，長年菜，大葉皺葉芥
4711247097697,,,鮮食大葉芥菜,large leaf mustard， brown mustard,Brassica juncea  (L.) Czernj. et Coss. var.  rugosa  Bailey,刈菜， 孤腰菜 ，大芥菜，長年菜，大葉皺葉芥
4711247040297,,,初級加工箭竹筍,Usawai bamboo shoots， Dwarf Bamboo，  Kunishi Cane,Pseudosasa usawai  (Hayata) Mak. et Nemoto,孤竹仔筍、劍筍、矢竹
4711247045001,LZ2,統稱(其他),藤三七,Madeira Vine，Mignonette vine， Lamb’s tail,Anredera cordifolia  (Tenore) van Steenis,洋落蔡，川七，雲南白藥，小年藥，金錢珠
4711247045018,,統稱(其他),藤三七,Madeira Vine，Mignonette vine， Lamb’s tail,Anredera cordifolia  (Tenore) van Steenis,洋落蔡，川七，雲南白藥，小年藥，金錢珠
4711247045094,,統稱(其他),藤三七,Madeira Vine，Mignonette vine， Lamb’s tail,Anredera cordifolia  (Tenore) van Steenis,洋落蔡，川七，雲南白藥，小年藥，金錢珠
4711247046008,LZ2,統稱(其他),落葵,Ceylon spinach， Malabar spinach,Basella alba  L.,皇宮菜，蟳菜，藤菜，龍宮菜 ，非洲菠菜，天葵，藤葵，燕脂菜，白落葵
4711247046015,,統稱(其他),落葵,Ceylon spinach， Malabar spinach,Basella alba  L.,皇宮菜，蟳菜，藤菜，龍宮菜 ，非洲菠菜，天葵，藤葵，燕脂菜，白落葵
4711247046091,,統稱(其他),落葵,Ceylon spinach， Malabar spinach,Basella alba  L.,皇宮菜，蟳菜，藤菜，龍宮菜 ，非洲菠菜，天葵，藤葵，燕脂菜，白落葵
4711247046107,LE1,,小葉落葵,Ceylon spinach， Malabar spinach,Basella alba  L.,皇宮菜，蟳菜，藤菜，龍宮菜 ，非洲菠菜，天葵，藤葵，燕脂菜，白落葵
4711247046114,,,小葉落葵,Ceylon spinach， Malabar spinach,Basella alba  L.,皇宮菜，蟳菜，藤菜，龍宮菜 ，非洲菠菜，天葵，藤葵，燕脂菜，白落葵
4711247046190,,,小葉落葵,Ceylon spinach， Malabar spinach,Basella alba  L.,皇宮菜，蟳菜，藤菜，龍宮菜 ，非洲菠菜，天葵，藤葵，燕脂菜，白落葵
4711247373302,,,苜蓿芽,Alfalfa sprout,Medicago sativa  L.,
4711247373319,SX4,,苜蓿芽,Alfalfa sprout,Medicago sativa  L.,
4711247373326,,,苜蓿芽,Alfalfa sprout,Medicago sativa  L.,
4711247373333,,,苜蓿芽,Alfalfa sprout,Medicago sativa  L.,
4711247373395,,,苜蓿芽,Alfalfa sprout,Medicago sativa  L.,
4711247373401,SX0,,紅豆芽,Small red bean sprout,Phaseolus angularis  W. F. Weight,赤豆芽
4711247373418,,,紅豆芽,Small red bean sprout,Phaseolus angularis  W. F. Weight,赤豆芽
4711247373425,,,紅豆芽,Small red bean sprout,Phaseolus angularis  W. F. Weight,赤豆芽
4711247373432,,,紅豆芽,Small red bean sprout,Phaseolus angularis  W. F. Weight,赤豆芽
4711247373494,,,紅豆芽,Small red bean sprout,Phaseolus angularis  W. F. Weight,赤豆芽
4711247384315,,,蕨菜,Bracken， Brake,Pteridium aquilinum  (L.) Kuhn.,
4711247384391,,,蕨菜,Bracken， Brake,Pteridium aquilinum  (L.) Kuhn.,
4711247390002,,統稱(其他),食用藻類,NA,,
4711247390019,,統稱(其他),食用藻類,NA,,
4711247390095,,統稱(其他),食用藻類,NA,,
4711247390101,,,髮菜,Cow hair,Bangia atropurpure  (Roth) C. Agardh,發菜， 紅毛菜，
4711247390118,,,髮菜,Cow hair,Bangia atropurpure  (Roth) C. Agardh,發菜， 紅毛菜，
4711247390194,,,髮菜,Cow hair,Bangia atropurpure  (Roth) C. Agardh,發菜， 紅毛菜，
4711247390200,,,紫菜,Tzu Tsai， Sea weed,Porphyra tenera  Kjellman,
4711247390217,,,紫菜,Tzu Tsai， Sea weed,Porphyra tenera  Kjellman,
4711247025294,,白莧,白莧菜,Edible amaranth， Amaranthus,Amaranthus  spp.,荇菜， 莕菜 ，茵菜
4711247031004,,統稱(其他),青葙,Cockscomb,Celosia argentea  L.,野莧菜 ，野雞冠，雞冠莧，草蒿 ，萋蒿，崑崙草，土雞冠
4711247031011,,統稱(其他),青葙,Cockscomb,Celosia argentea  L.,野莧菜 ，野雞冠，雞冠莧，草蒿 ，萋蒿，崑崙草，土雞冠
4711247031097,,統稱(其他),青葙,Cockscomb,Celosia argentea  L.,野莧菜 ，野雞冠，雞冠莧，草蒿 ，萋蒿，崑崙草，土雞冠
4711247032001,,統稱(其他),蒟蒻 (初級加工品),Elephant’s yam,Amorphophallus paeoniifolius  (Dennst.) Nicolson,磨芋，雷公槍，蒻頭，蛇芋，鬼芋
4711247032018,,統稱(其他),蒟蒻 (初級加工品),Elephant’s yam,Amorphophallus paeoniifolius  (Dennst.) Nicolson,磨芋，雷公槍，蒻頭，蛇芋，鬼芋
4711247032094,,統稱(其他),蒟蒻 (初級加工品),Elephant’s yam,Amorphophallus paeoniifolius  (Dennst.) Nicolson,磨芋，雷公槍，蒻頭，蛇芋，鬼芋
4711247033008,,統稱(其他),芋類,Taro， Dasheen,Colocasia esculenta  (L.) Schott.,芋頭，芋艿，芋仔，青芋
4711247033015,,統稱(其他),芋類,Taro， Dasheen,Colocasia esculenta  (L.) Schott.,芋頭，芋艿，芋仔，青芋
4711247033091,SJ9,統稱(其他),芋類,Taro， Dasheen,Colocasia esculenta  (L.) Schott.,芋頭，芋艿，芋仔，青芋
4711247087209,LF2,桃園1號，竹葉種,小葉蕹菜,Water convolvulus， Water spinach,Ipomoea aquatica  Forssk.,空心菜，應菜，竹葉菜，無心菜，葛菜，草菜，無心菜，甕菜，藤藤菜，相思葉
4711247087216,,桃園1號，竹葉種,小葉蕹菜,Water convolvulus， Water spinach,Ipomoea aquatica  Forssk.,空心菜，應菜，竹葉菜，無心菜，葛菜，草菜，無心菜，甕菜，藤藤菜，相思葉
4711247087292,,桃園1號，竹葉種,小葉蕹菜,Water convolvulus， Water spinach,Ipomoea aquatica  Forssk.,空心菜，應菜，竹葉菜，無心菜，葛菜，草菜，無心菜，甕菜，藤藤菜，相思葉
4711247091008,SO1,統稱(其他),甘藷類,Sweet potato,Ipomoea batatas  (L.) Lam.,地瓜，蕃薯，紅薯，白薯，甜薯
4711247091015,,統稱(其他),甘藷類,Sweet potato,Ipomoea batatas  (L.) Lam.,地瓜，蕃薯，紅薯，白薯，甜薯
4711247091091,,統稱(其他),甘藷類,Sweet potato,Ipomoea batatas  (L.) Lam.,地瓜，蕃薯，紅薯，白薯，甜薯
4711247091107,SO1,,甘藷,Sweet potato,Ipomoea batatas  (L.) Lam.,地瓜，蕃薯，紅薯，白薯，甜薯
4711247091114,,,甘藷,Sweet potato,Ipomoea batatas  (L.) Lam.,地瓜，蕃薯，紅薯，白薯，甜薯
4711247091190,,,甘藷,Sweet potato,Ipomoea batatas  (L.) Lam.,地瓜，蕃薯，紅薯，白薯，甜薯
4711247091206,LO1,,葉用甘藷,Sweet potato tips,Ipomoea batatas  (L.) Lam.,地瓜葉，番薯葉，甘薯葉
4711247033107,SJ4,,葉柄芋,Taro petiole,Colocasia esculenta  var.  Petiolata   Chang,芋梗
4711247033114,,,葉柄芋,Taro petiole,Colocasia esculenta  var.  Petiolata   Chang,芋梗
4711247033190,SJ9,,葉柄芋,Taro petiole,Colocasia esculenta  var.  Petiolata   Chang,芋梗
4711247033206,SJ2,高雄1號,母芋品種,Taro (dasheen type),Colocasia esculenta  var.  esculenta,芋頭，芋艿，芋仔，青芋
4711247033213,,高雄1號,母芋品種,Taro (dasheen type),Colocasia esculenta  var.  esculenta,芋頭，芋艿，芋仔，青芋
4711247033299,SJ9,高雄1號,母芋品種,Taro (dasheen type),Colocasia esculenta  var.  esculenta,芋頭，芋艿，芋仔，青芋
4711247033305,,高雄2號，赤芽芋，狗蹄芋,子芋品種,Taro (eddoe type),Colocasia esculenta  var.  antiquorum,野芋，芋頭，芋艿，芋仔，青芋
4711247033312,,高雄2號，赤芽芋，狗蹄芋,子芋品種,Taro (eddoe type),Colocasia esculenta  var.  antiquorum,野芋，芋頭，芋艿，芋仔，青芋
4711247033398,SJ9,高雄2號，赤芽芋，狗蹄芋,子芋品種,Taro (eddoe type),Colocasia esculenta  var.  antiquorum,野芋，芋頭，芋艿，芋仔，青芋
4711247039000,,統稱(其他),竹筍類,NA,,
4711247011204,SE1,桃園3號，蘭陽1號(青玉),日葱,Welsh onion， Green onion,Allium fistulosum  L.,四季葱，九條葱，大廣葱，粉葱，客葱
4711247011211,,桃園3號，蘭陽1號(青玉),日葱,Welsh onion， Green onion,Allium fistulosum  L.,四季葱，九條葱，大廣葱，粉葱，客葱
4711247011297,SE9,桃園3號，蘭陽1號(青玉),日葱,Welsh onion， Green onion,Allium fistulosum  L.,四季葱，九條葱，大廣葱，粉葱，客葱
4711247011303,SE2,蘭陽3號(福葱),北葱,Welsh onion， Green onion,Allium fistulosum  L.,麥葱，水葱
4711247011310,,蘭陽3號(福葱),北葱,Welsh onion， Green onion,Allium fistulosum  L.,麥葱，水葱
4711247011396,SE9,蘭陽3號(福葱),北葱,Welsh onion， Green onion,Allium fistulosum  L.,麥葱，水葱
4711247014007,,統稱(其他),寬葉韭,Chinese leek,Allium hookeri  Thwaites,苤菜，大葉韭，葱韭，山韭菜，大韭菜，根韭
4711247014014,,統稱(其他),寬葉韭,Chinese leek,Allium hookeri  Thwaites,苤菜，大葉韭，葱韭，山韭菜，大韭菜，根韭
4711247014090,,統稱(其他),寬葉韭,Chinese leek,Allium hookeri  Thwaites,苤菜，大葉韭，葱韭，山韭菜，大韭菜，根韭
4711247015004,,統稱(其他),細香葱,Chive,Allium schoenoprasum  L.,蝦夷葱，西洋胡葱
4711247256018,,統稱(其他),豌豆類,NA,,
4711247256025,,統稱(其他),豌豆類,NA,,
4711247256094,FL9,統稱(其他),豌豆類,NA,,
4711247256100,FL3,台中11號,莢豌豆,Edible podded pea,Pisum sativum   L. spp.  sativum  f. macro carpon,荷蘭豆
4711247256117,,台中11號,莢豌豆,Edible podded pea,Pisum sativum   L. spp.  sativum  f. macro carpon,荷蘭豆
4711247256124,,台中11號,莢豌豆,Edible podded pea,Pisum sativum   L. spp.  sativum  f. macro carpon,荷蘭豆
4711247256193,,台中11號,莢豌豆,Edible podded pea,Pisum sativum   L. spp.  sativum  f. macro carpon,荷蘭豆
4711247256209,FL6,台中13號,甜豌豆,Snap pea,Pisum sativum   L. spp.  sativum  f. macro carpon,
4711247256216,,台中13號,甜豌豆,Snap pea,Pisum sativum   L. spp.  sativum  f. macro carpon,
4711247256223,,台中13號,甜豌豆,Snap pea,Pisum sativum   L. spp.  sativum  f. macro carpon,
4711247004015,,美秀，華秀,分葱,Shallot,Allium cepa  L. Aggregatum group,紅葱頭，珠葱，大頭葱，油蔥
4711247004091,,美秀，華秀,分葱,Shallot,Allium cepa  L. Aggregatum group,紅葱頭，珠葱，大頭葱，油蔥
4711247004107,SE4,,葉用分葱,Shallot,Allium cepa  L. Aggregatum group,珠葱，大頭葱，油蔥
4711247004114,,,葉用分葱,Shallot,Allium cepa  L. Aggregatum group,珠葱，大頭葱，油蔥
4711247004190,,,葉用分葱,Shallot,Allium cepa  L. Aggregatum group,珠葱，大頭葱，油蔥
4711247004206,SE5,,紅葱頭,Shallot,Allium cepa  L. Aggregatum group,
4711247004213,,,紅葱頭,Shallot,Allium cepa  L. Aggregatum group,
4711247004299,,,紅葱頭,Shallot,Allium cepa  L. Aggregatum group,
4711247005005,SD1,統稱(其他),洋葱,Onion,Allium cepa  L.,玉葱， 葱頭
4711247005012,,統稱(其他),洋葱,Onion,Allium cepa  L.,玉葱， 葱頭
4711247074223,,,結球萵苣,Head lettuce,Lactuca sativa  var.  capitata  L.,球萵苣，包心萵苣，捲心萵苣菜，包心妹仔菜，包心媚仔菜
4711247074292,,,結球萵苣,Head lettuce,Lactuca sativa  var.  capitata  L.,球萵苣，包心萵苣，捲心萵苣菜，包心妹仔菜，包心媚仔菜
4711247074308,,,縐葉萵苣,loose leaf lettuce,Lactuca sativa  var.  crispa  L.,廣東萵苣，縮葉萵苣，皺萵仔菜
4711247074315,,,縐葉萵苣,loose leaf lettuce,Lactuca sativa  var.  crispa  L.,廣東萵苣，縮葉萵苣，皺萵仔菜
4711247074322,,,縐葉萵苣,loose leaf lettuce,Lactuca sativa  var.  crispa  L.,廣東萵苣，縮葉萵苣，皺萵仔菜
4711247074391,,,縐葉萵苣,loose leaf lettuce,Lactuca sativa  var.  crispa  L.,廣東萵苣，縮葉萵苣，皺萵仔菜
4711247074407,,,立生萵苣,Romaine lettuce,Lactuca sativa  var.  longifolia  L.,羅曼萵苣
4711247074414,,,立生萵苣,Romaine lettuce,Lactuca sativa  var.  longifolia  L.,羅曼萵苣
4711247074421,,,立生萵苣,Romaine lettuce,Lactuca sativa  var.  longifolia  L.,羅曼萵苣
4711247074490,,,立生萵苣,Romaine lettuce,Lactuca sativa  var.  longifolia  L.,羅曼萵苣
4711247198394,,木瓜型南瓜,中國南瓜,Musky pumpkin， Squash,Cucurbita moschata  Duch. ex Poir,金瓜
4711247198400,,,夏南瓜,Summer squash,Cucurbita pepo  L.,美國南瓜
4711247198417,,,夏南瓜,Summer squash,Cucurbita pepo  L.,美國南瓜
4711247198493,,,夏南瓜,Summer squash,Cucurbita pepo  L.,美國南瓜
4711247198509,,,冬南瓜,Winter squash,Cucurbita pepo  L.,
4711247198516,,,冬南瓜,Winter squash,Cucurbita pepo  L.,
4711247198592,,,冬南瓜,Winter squash,Cucurbita pepo  L.,
4711247204002,,統稱(其他),扁蒲類,Bottle gourd，white flowered gourd  ，Calabash gourd,Lagenaria siceraria  (Mol.) Standl.,瓠子，蒲子，壺盧，葫蘆，蒲瓜，夜開花，長瓜
4711247204019,,統稱(其他),扁蒲類,Bottle gourd，white flowered gourd  ，Calabash gourd,Lagenaria siceraria  (Mol.) Standl.,瓠子，蒲子，壺盧，葫蘆，蒲瓜，夜開花，長瓜
4711247204095,,統稱(其他),扁蒲類,Bottle gourd，white flowered gourd  ，Calabash gourd,Lagenaria siceraria  (Mol.) Standl.,瓠子，蒲子，壺盧，葫蘆，蒲瓜，夜開花，長瓜
4711247154093,FE9,地方種,冬瓜統稱(其他),Wax gourd,Benincasa hispida  (Thunb.) Cogn.,白瓜，東瓜，枕瓜
4711247157001,FE3,統稱(其他),節瓜,Jointed wax gourd,Benincasa hispida  var.  chieh-qua  How.,毛瓜
4711247157018,,統稱(其他),節瓜,Jointed wax gourd,Benincasa hispida  var.  chieh-qua  How.,毛瓜
4711247157094,,統稱(其他),節瓜,Jointed wax gourd,Benincasa hispida  var.  chieh-qua  How.,毛瓜
4711247159005,,統稱(其他),西瓜類,Watermelon,Citrullus lanatus  (Thunb.) Natsum & Nakai,寒瓜，時瓜，伏瓜，夏瓜，寒瓜，水瓜，青登瓜
4711247159012,,統稱(其他),西瓜類,Watermelon,Citrullus lanatus  (Thunb.) Natsum & Nakai,寒瓜，時瓜，伏瓜，夏瓜，寒瓜，水瓜，青登瓜
4711247159098,T9,統稱(其他),西瓜類,Watermelon,Citrullus lanatus  (Thunb.) Natsum & Nakai,寒瓜，時瓜，伏瓜，夏瓜，寒瓜，水瓜，青登瓜
4711247159104,T2,,無子西瓜,Seedless watermelon,Citrullus lanatus  (Thunb.) Natsum & Nakai,
4711247159111,,,無子西瓜,Seedless watermelon,Citrullus lanatus  (Thunb.) Natsum & Nakai,
4711247159197,T9,,無子西瓜,Seedless watermelon,Citrullus lanatus  (Thunb.) Natsum & Nakai,
4711247074506,,,嫩莖萵苣,Asparagus lettuce， Celtuce,Lactuca sativa  var.  asparagina  Bailey L.,萵苣筍，莖用萵苣，萵仔菜心，鵝仔菜心，萵苣莖
4711247074513,,,嫩莖萵苣,Asparagus lettuce， Celtuce,Lactuca sativa  var.  asparagina  Bailey L.,萵苣筍，莖用萵苣，萵仔菜心，鵝仔菜心，萵苣莖
4711247074520,,,嫩莖萵苣,Asparagus lettuce， Celtuce,Lactuca sativa  var.  asparagina  Bailey L.,萵苣筍，莖用萵苣，萵仔菜心，鵝仔菜心，萵苣莖
4711247074599,,,嫩莖萵苣,Asparagus lettuce， Celtuce,Lactuca sativa  var.  asparagina  Bailey L.,萵苣筍，莖用萵苣，萵仔菜心，鵝仔菜心，萵苣莖
4711247074605,,,劍葉萵苣,Indian salad,Lactuca sativa  var.  idivisa  Makino,劍妹仔菜，客家萵仔菜 ，箭鵝仔菜，印度鵝仔草
4711247074612,,,劍葉萵苣,Indian salad,Lactuca sativa  var.  idivisa  Makino,劍妹仔菜，客家萵仔菜 ，箭鵝仔菜，印度鵝仔草
4711247074629,,,劍葉萵苣,Indian salad,Lactuca sativa  var.  idivisa  Makino,劍妹仔菜，客家萵仔菜 ，箭鵝仔菜，印度鵝仔草
4711247074698,,,劍葉萵苣,Indian salad,Lactuca sativa  var.  idivisa  Makino,劍妹仔菜，客家萵仔菜 ，箭鵝仔菜，印度鵝仔草
4711247085007,,統稱(其他),欵冬,Butterbur， Fuki,Petasites japonicus   (Siebold et Zucc.) F. Schmidt,蕗
4711247085014,,統稱(其他),欵冬,Butterbur， Fuki,Petasites japonicus   (Siebold et Zucc.) F. Schmidt,蕗
4711247097017,,統稱(其他),芥菜類,NA,,
4711247097093,,統稱(其他),芥菜類,NA,,
4711247097109,,五峰種,莖瘤芥,Strumous mustard， Tsatsai， Swollen- stemmed mustard,Brassica juncea  (L.) var.  tumida  Tsen et Lee,榨菜，四川芥菜
4711247097116,,五峰種,莖瘤芥,Strumous mustard， Tsatsai， Swollen- stemmed mustard,Brassica juncea  (L.) var.  tumida  Tsen et Lee,榨菜，四川芥菜
4711247097192,,五峰種,莖瘤芥,Strumous mustard， Tsatsai， Swollen- stemmed mustard,Brassica juncea  (L.) var.  tumida  Tsen et Lee,榨菜，四川芥菜
4711247097208,,包心芥菜桃園1號,鮮食包心芥菜,Capitata mustard,Brassica juncea  Czernj. et Coss. var.  capitata  Hort.,芥菜仁，芥菜蕾，芥菜心
4711247097215,,包心芥菜桃園1號,鮮食包心芥菜,Capitata mustard,Brassica juncea  Czernj. et Coss. var.  capitata  Hort.,芥菜仁，芥菜蕾，芥菜心
4711247097291,,包心芥菜桃園1號,鮮食包心芥菜,Capitata mustard,Brassica juncea  Czernj. et Coss. var.  capitata  Hort.,芥菜仁，芥菜蕾，芥菜心
4711247097307,,,初級加工包心芥菜,Capitata mustard,Brassica juncea  Czernj. et Coss. var.  capitata  Hort.,芥菜仁，芥菜蕾，芥菜心
4711247097314,,,初級加工包心芥菜,Capitata mustard,Brassica juncea  Czernj. et Coss. var.  capitata  Hort.,芥菜仁，芥菜蕾，芥菜心
4711247288194,,,檳榔筍,Areca nut， Betel nut palm， Catechu， Pinarg,Areca cathechn  L.,半天筍
4711247288200,SZ6,,檳榔花,Areca nut,Areca cathechn  L.,半天花
4711247288217,,,檳榔花,Areca nut,Areca cathechn  L.,半天花
4711247288293,,,檳榔花,Areca nut,Areca cathechn  L.,半天花
4711247289009,,青藤，紅藤,黃藤心統稱(其他),NA,Daemonorops margaritae,省藤，赤藤，紅藤
4711247289016,,青藤，紅藤,黃藤心統稱(其他),NA,Daemonorops margaritae,省藤，赤藤，紅藤
4711247289092,,青藤，紅藤,黃藤心統稱(其他),NA,Daemonorops margaritae,省藤，赤藤，紅藤
4711247290005,,統稱(其他),食用大黃,Rhubarb， Pie Plant,Rheum rhabarbarum  L.,大黃
4711247290012,,統稱(其他),食用大黃,Rhubarb， Pie Plant,Rheum rhabarbarum  L.,大黃
4711247290098,,統稱(其他),食用大黃,Rhubarb， Pie Plant,Rheum rhabarbarum  L.,大黃
4711247060202,LL1,日本苘蒿,裂葉茼蒿,Garland chrysanthemum,Chrysanthemum coronarium  L.,春菊， 打某菜， 萵子，苳蒿菜，花冠菊，艾菜，蓬蒿，菊蒿菜，菊花菜
4711247060219,,日本苘蒿,裂葉茼蒿,Garland chrysanthemum,Chrysanthemum coronarium  L.,春菊， 打某菜， 萵子，苳蒿菜，花冠菊，艾菜，蓬蒿，菊蒿菜，菊花菜
4711247060226,LL8,日本苘蒿,裂葉茼蒿,Garland chrysanthemum,Chrysanthemum coronarium  L.,春菊， 打某菜， 萵子，苳蒿菜，花冠菊，艾菜，蓬蒿，菊蒿菜，菊花菜
4711247060295,,日本苘蒿,裂葉茼蒿,Garland chrysanthemum,Chrysanthemum coronarium  L.,春菊， 打某菜， 萵子，苳蒿菜，花冠菊，艾菜，蓬蒿，菊蒿菜，菊花菜
4711247063005,,統稱(其他),苦苣,Endive,Cichorium endivia  L.,菊苣，苦菜，縮菜萵苣，皺葉苦苣，美國萵苣，福苣，天香菜
4711247063012,,統稱(其他),苦苣,Endive,Cichorium endivia  L.,菊苣，苦菜，縮菜萵苣，皺葉苦苣，美國萵苣，福苣，天香菜
4711247063098,,統稱(其他),苦苣,Endive,Cichorium endivia  L.,菊苣，苦菜，縮菜萵苣，皺葉苦苣，美國萵苣，福苣，天香菜
4711247066006,,統稱(其他),野苦苣,Chicory ， Witloof,Cichorium intybus  L.,吉康菜
4711247066013,,統稱(其他),野苦苣,Chicory ， Witloof,Cichorium intybus  L.,吉康菜
4711247066099,,統稱(其他),野苦苣,Chicory ， Witloof,Cichorium intybus  L.,吉康菜
4711247315227,,荷蘭種,牛番茄,Tomato,Lycopersicum esculetum  Mill.,牛肉番茄，柑仔蜜，臭柿子，西紅柿
4711247315296,,荷蘭種,牛番茄,Tomato,Lycopersicum esculetum  Mill.,牛肉番茄，柑仔蜜，臭柿子，西紅柿
4711247315302,FJ0,日本種,桃太郎,Tomato,Lycopersicum esculetum  Mill.,柑仔蜜，臭柿子，西紅柿
4711247315319,,日本種,桃太郎,Tomato,Lycopersicum esculetum  Mill.,柑仔蜜，臭柿子，西紅柿
4711247315326,,日本種,桃太郎,Tomato,Lycopersicum esculetum  Mill.,柑仔蜜，臭柿子，西紅柿
4711247315395,,日本種,桃太郎,Tomato,Lycopersicum esculetum  Mill.,柑仔蜜，臭柿子，西紅柿
4711247326001,FJ0,金玉，聖女，四季紅,小果番茄統稱(其他),Cherry tomato,Lycopersicum esculetum  var.  cerasi. forme  Alef.,柑仔蜜，臭柿子，西紅柿
4711247326018,,金玉，聖女，四季紅,小果番茄統稱(其他),Cherry tomato,Lycopersicum esculetum  var.  cerasi. forme  Alef.,柑仔蜜，臭柿子，西紅柿
4711247326025,,金玉，聖女，四季紅,小果番茄統稱(其他),Cherry tomato,Lycopersicum esculetum  var.  cerasi. forme  Alef.,柑仔蜜，臭柿子，西紅柿
4711247326094,,金玉，聖女，四季紅,小果番茄統稱(其他),Cherry tomato,Lycopersicum esculetum  var.  cerasi. forme  Alef.,柑仔蜜，臭柿子，西紅柿
4711247225014,,統稱(其他),山藥類,Yam,Dioscorea  spp.,山藩，淮山，薯蕷， 山芋，藷蕷，黃藥子，山慈姑，獨黃
4711247225090,,統稱(其他),山藥類,Yam,Dioscorea  spp.,山藩，淮山，薯蕷， 山芋，藷蕷，黃藥子，山慈姑，獨黃
4711247225106,,,長型紅肉山藥,Yam,Dioscorea alata.  var. purpurea,山藩，淮山，薯蕷， 山芋，藷蕷，黃藥子，山慈姑，獨黃
4711247225113,,,長型紅肉山藥,Yam,Dioscorea alata.  var. purpurea,山藩，淮山，薯蕷， 山芋，藷蕷，黃藥子，山慈姑，獨黃
4711247225199,,,長型紅肉山藥,Yam,Dioscorea alata.  var. purpurea,山藩，淮山，薯蕷， 山芋，藷蕷，黃藥子，山慈姑，獨黃
4711247225205,,桃園4號，花蓮3號(長白山藥),長型白肉山藥,Yam,Dioscorea  spp.,山藩，淮山，薯蕷， 山芋，藷蕷，黃藥子，山慈姑，獨黃
4711247225212,,桃園4號，花蓮3號(長白山藥),長型白肉山藥,Yam,Dioscorea  spp.,山藩，淮山，薯蕷， 山芋，藷蕷，黃藥子，山慈姑，獨黃
4711247225298,,桃園4號，花蓮3號(長白山藥),長型白肉山藥,Yam,Dioscorea  spp.,山藩，淮山，薯蕷， 山芋，藷蕷，黃藥子，山慈姑，獨黃
4711247225304,,,塊型紅肉山藥,Yam,Dioscorea  spp.,山藩，淮山，薯蕷， 山芋，藷蕷，黃藥子，山慈姑，獨黃
4711247225311,,,塊型紅肉山藥,Yam,Dioscorea  spp.,山藩，淮山，薯蕷， 山芋，藷蕷，黃藥子，山慈姑，獨黃
4711247273190,SV9,,綠蘆筍,Green asparagus,Asparagus officinalis  L.,石刁柏，野天門冬，松葉土當歸
4711247273206,SV1,,白蘆筍,White asparagus,Asparagus officinalis  L.,石刁柏，野天門冬，松葉土當歸
4711247273213,,,白蘆筍,White asparagus,Asparagus officinalis  L.,石刁柏，野天門冬，松葉土當歸
4711247273299,SV9,,白蘆筍,White asparagus,Asparagus officinalis  L.,石刁柏，野天門冬，松葉土當歸
4711247273305,SV3,,蘆筍花,Asparagus flower,Asparagus officinalis  L.,石刁柏，野天門冬，松葉土當歸
4711247273312,,,蘆筍花,Asparagus flower,Asparagus officinalis  L.,石刁柏，野天門冬，松葉土當歸
4711247273398,SV9,,蘆筍花,Asparagus flower,Asparagus officinalis  L.,石刁柏，野天門冬，松葉土當歸
4711247277006,FW1,統稱(其他),金針菜類,NA,,
4711247277013,,統稱(其他),金針菜類,NA,,
4711247277099,FW9,統稱(其他),金針菜類,NA,,
4711247246293,FQ9,,毛豆莢,Vegetable soy bean,Glycine max  (L.) Merrill,
4711247249003,FP3,白鵲豆，紫花黑化鵲豆,鵲豆統稱(其他),Hyacinth bean， Lablab,Lablab purpureus  (L.) Sweet,藕豆，肉豆，蛾眉豆，扁豆
4711247249010,,白鵲豆，紫花黑化鵲豆,鵲豆統稱(其他),Hyacinth bean， Lablab,Lablab purpureus  (L.) Sweet,藕豆，肉豆，蛾眉豆，扁豆
4711247249096,,白鵲豆，紫花黑化鵲豆,鵲豆統稱(其他),Hyacinth bean， Lablab,Lablab purpureus  (L.) Sweet,藕豆，肉豆，蛾眉豆，扁豆
4711247251006,SL1,統稱(其他),豆薯,Yam bean， Jicama,Pachyrrhizus erosus  (L.) Urban,豆蘿，沙葛，刈薯，涼薯，田薯
4711247251013,,統稱(其他),豆薯,Yam bean， Jicama,Pachyrrhizus erosus  (L.) Urban,豆蘿，沙葛，刈薯，涼薯，田薯
4711247251099,,統稱(其他),豆薯,Yam bean， Jicama,Pachyrrhizus erosus  (L.) Urban,豆蘿，沙葛，刈薯，涼薯，田薯
4711247252003,,統稱(其他),萊豆,Lima bean， Butter bean,Phaseolus lunatus  L.,皇帝豆，白扁豆，萊瑪豆，雪豆，細綿豆，觀音豆
4711247252010,,統稱(其他),萊豆,Lima bean， Butter bean,Phaseolus lunatus  L.,皇帝豆，白扁豆，萊瑪豆，雪豆，細綿豆，觀音豆
4711247252096,,統稱(其他),萊豆,Lima bean， Butter bean,Phaseolus lunatus  L.,皇帝豆，白扁豆，萊瑪豆，雪豆，細綿豆，觀音豆
4711247240208,,,青紫蘇,Beef-steak plant， Perilla,Perilla frutescens  (L.) Britt. var.  crispa  (Thunb.) Decne,綠紫蘇
4711247240215,,,青紫蘇,Beef-steak plant， Perilla,Perilla frutescens  (L.) Britt. var.  crispa  (Thunb.) Decne,綠紫蘇
4711247240291,,,青紫蘇,Beef-steak plant， Perilla,Perilla frutescens  (L.) Britt. var.  crispa  (Thunb.) Decne,綠紫蘇
4711247243001,SZ5,統稱(其他),草石蠶,Chinese artichoke,Stachys affinis  Bunge,假冬虫夏草，甘露兒，寶塔菜，地蠶，螺獅菜
4711247243018,,統稱(其他),草石蠶,Chinese artichoke,Stachys affinis  Bunge,假冬虫夏草，甘露兒，寶塔菜，地蠶，螺獅菜
4711247243094,,統稱(其他),草石蠶,Chinese artichoke,Stachys affinis  Bunge,假冬虫夏草，甘露兒，寶塔菜，地蠶，螺獅菜
4711247244008,,統稱(其他),樹豆,Pigeon Pea， Dhal， Congo pea， Red gram tree bean,Cajanus cajan  (L.) Millsp.,白樹豆，番仔豆，木豆，柳豆，埔姜豆，馬太鞍豆，觀音豆
4711247244015,,統稱(其他),樹豆,Pigeon Pea， Dhal， Congo pea， Red gram tree bean,Cajanus cajan  (L.) Millsp.,白樹豆，番仔豆，木豆，柳豆，埔姜豆，馬太鞍豆，觀音豆
4711247244091,,統稱(其他),樹豆,Pigeon Pea， Dhal， Congo pea， Red gram tree bean,Cajanus cajan  (L.) Millsp.,白樹豆，番仔豆，木豆，柳豆，埔姜豆，馬太鞍豆，觀音豆
4711247245005,,統稱(其他),刀豆,Sword bean， Jack bean,Canavalia gladiata  (Jacq.) DC.,關刀豆，大刀豆，挾劍豆，白鳳豆
4711247198011,,統稱(其他),南瓜類,NA,,
4711247198097,,統稱(其他),南瓜類,NA,,
4711247198103,,,黑籽南瓜,Fig leaf gourd,Cucurbita ficifolia   Bouche’,
4711247198110,,,黑籽南瓜,Fig leaf gourd,Cucurbita ficifolia   Bouche’,
4711247198196,,,黑籽南瓜,Fig leaf gourd,Cucurbita ficifolia   Bouche’,
4711247198202,,東昇，東英,西洋南瓜,Pumpkin,Cucurbita maxima  Duch.,
4711247198219,,東昇，東英,西洋南瓜,Pumpkin,Cucurbita maxima  Duch.,
4711247198295,,東昇，東英,西洋南瓜,Pumpkin,Cucurbita maxima  Duch.,
4711247198301,FT1,木瓜型南瓜,中國南瓜,Musky pumpkin， Squash,Cucurbita moschata  Duch. ex Poir,金瓜
4711247198318,,木瓜型南瓜,中國南瓜,Musky pumpkin， Squash,Cucurbita moschata  Duch. ex Poir,金瓜
4711247039710,,,初級加工桂竹筍,Bamboo shoot ， Bamboo sprout,Phyllostachys makinoi  Hayata,簍竹，桂竹仔筍，石竹仔筍，布袋竹
4711247039796,,,初級加工桂竹筍,Bamboo shoot ， Bamboo sprout,Phyllostachys makinoi  Hayata,簍竹，桂竹仔筍，石竹仔筍，布袋竹
4711247039802,SH4,,孟宗竹筍,Moso bamboo,Phyllostachys pubescens  Mazel ex H. De Lehaie,毛竹筍，冬筍，江南竹，至竹，南竹，茅竹，貓兒竹
4711247039819,,,孟宗竹筍,Moso bamboo,Phyllostachys pubescens  Mazel ex H. De Lehaie,毛竹筍，冬筍，江南竹，至竹，南竹，茅竹，貓兒竹
4711247039895,SH9,,孟宗竹筍,Moso bamboo,Phyllostachys pubescens  Mazel ex H. De Lehaie,毛竹筍，冬筍，江南竹，至竹，南竹，茅竹，貓兒竹
4711247040105,SH6,,鮮食箭竹筍,Usawai bamboo shoots， Dwarf Bamboo，  Kunishi Cane,Pseudosasa usawai  (Hayata) Mak. et Nemoto,孤竹仔筍、劍筍、矢竹
4711247040112,,,鮮食箭竹筍,Usawai bamboo shoots， Dwarf Bamboo，  Kunishi Cane,Pseudosasa usawai  (Hayata) Mak. et Nemoto,孤竹仔筍、劍筍、矢竹
4711247040198,SH9,,鮮食箭竹筍,Usawai bamboo shoots， Dwarf Bamboo，  Kunishi Cane,Pseudosasa usawai  (Hayata) Mak. et Nemoto,孤竹仔筍、劍筍、矢竹
4711247040204,,,初級加工箭竹筍,Usawai bamboo shoots， Dwarf Bamboo，  Kunishi Cane,Pseudosasa usawai  (Hayata) Mak. et Nemoto,孤竹仔筍、劍筍、矢竹
4711247040211,,,初級加工箭竹筍,Usawai bamboo shoots， Dwarf Bamboo，  Kunishi Cane,Pseudosasa usawai  (Hayata) Mak. et Nemoto,孤竹仔筍、劍筍、矢竹
4711247397896,,,珊瑚菇,Golden oyster,Pleurotus citrinopoleatus  Sing,黃蘑，黃金菇，玉皇菇
4711247398107,MX1,,鮑魚菇,Abalonus， Abalone mushroom,Pleurotus abalonus  Han et al,平菇，蠔菇，北風菌
4711247398114,,,鮑魚菇,Abalonus， Abalone mushroom,Pleurotus abalonus  Han et al,平菇，蠔菇，北風菌
4711247398121,,,鮑魚菇,Abalonus， Abalone mushroom,Pleurotus abalonus  Han et al,平菇，蠔菇，北風菌
4711247398190,,,鮑魚菇,Abalonus， Abalone mushroom,Pleurotus abalonus  Han et al,平菇，蠔菇，北風菌
4711247398206,MJ1,,杏鮑菇,Boletus of steppes，King oyster,Pleurotus eryngii  (DC.:Fr.) Quel.,鳳尾菇
4711247398213,,,杏鮑菇,Boletus of steppes，King oyster,Pleurotus eryngii  (DC.:Fr.) Quel.,鳳尾菇
4711247398220,,,杏鮑菇,Boletus of steppes，King oyster,Pleurotus eryngii  (DC.:Fr.) Quel.,鳳尾菇
4711247398299,,,杏鮑菇,Boletus of steppes，King oyster,Pleurotus eryngii  (DC.:Fr.) Quel.,鳳尾菇
4711247398305,MI1,,秀珍菇,Oyster mushroom,Pleurotus ostreatus,蠔菇
4711247396196,,,巴西蘑菇,ABM mushroom,Agaricus blazei  Murrill,姬松茸
4711247396202,MA1,,洋菇,Mushroom,Agaricus bisporus  (Lange) Imbach.,蘑菇
4711247396219,,,洋菇,Mushroom,Agaricus bisporus  (Lange) Imbach.,蘑菇
4711247396226,,,洋菇,Mushroom,Agaricus bisporus  (Lange) Imbach.,蘑菇
4711247396295,,,洋菇,Mushroom,Agaricus bisporus  (Lange) Imbach.,蘑菇
4711247396301,MX1,,雞肉絲菇,NA,Termitomyces albuminosus,雞菌，傘把菇
4711247396318,,,雞肉絲菇,NA,Termitomyces albuminosus,雞菌，傘把菇
4711247396325,,,雞肉絲菇,NA,Termitomyces albuminosus,雞菌，傘把菇
4711247396394,,,雞肉絲菇,NA,Termitomyces albuminosus,雞菌，傘把菇
4711247396400,MC1,,木耳,Jew’s Ear,Auricularia amcicula,木菌，木樅，木蛾
4711247050012,,統稱(其他),仙人掌類,NA,,
4711247050098,,統稱(其他),仙人掌類,NA,,
4711247050104,FA4,,曇花,Dutchman’s-pipe,Epiphyllum oxypetalum  (DC.),
4711247050111,,,曇花,Dutchman’s-pipe,Epiphyllum oxypetalum  (DC.),
4711247050197,,,曇花,Dutchman’s-pipe,Epiphyllum oxypetalum  (DC.),
4711247050203,FA2,,三角柱花,Night-blooming cereus,Hylocereus undatus  (Haw.) Britt. et. Rose.,番花，火龍果花，三角連花，霸王花
4711247050210,,,三角柱花,Night-blooming cereus,Hylocereus undatus  (Haw.) Britt. et. Rose.,番花，火龍果花，三角連花，霸王花
4711247050296,,,三角柱花,Night-blooming cereus,Hylocereus undatus  (Haw.) Britt. et. Rose.,番花，火龍果花，三角連花，霸王花
4711247050302,,,仙人掌肉質莖,Prickly pear,Opuntia  ficus-indica  (L.) Miller,倒掉蓮、搭壁蓮
4711247050319,,,仙人掌肉質莖,Prickly pear,Opuntia  ficus-indica  (L.) Miller,倒掉蓮、搭壁蓮
4711247367011,,統稱(其他),蘘荷,Miyoga ginger,Zingiber mioga  Roscse,山薑，觀音花，野薑
4711247367097,,統稱(其他),蘘荷,Miyoga ginger,Zingiber mioga  Roscse,山薑，觀音花，野薑
4711247368001,,統稱(其他),薑,Ginger,Zingiber officinale  Roscse,生薑
4711247368018,,統稱(其他),薑,Ginger,Zingiber officinale  Roscse,生薑
4711247368094,,統稱(其他),薑,Ginger,Zingiber officinale  Roscse,生薑
4711247368100,SP3,,粉薑,Ginger,Zingiber officinale  Roscse,
4711247368117,,,粉薑,Ginger,Zingiber officinale  Roscse,
4711247368193,SP9,,粉薑,Ginger,Zingiber officinale  Roscse,
4711247368209,SP2,,嫩薑,Ginger,Zingiber officinale  Roscse,
4711247368216,,,嫩薑,Ginger,Zingiber officinale  Roscse,
4711247227513,,,花玉米,NA,Zea mays  var.  aqratica  L.,彩色玉米
4711247227599,,,花玉米,NA,Zea mays  var.  aqratica  L.,彩色玉米
4711247233002,,台中一號 ，  青殼，赤殼,茭白筍統稱(其他),Water bamboo， Co-ba,Zizania latifolia  (Griseb.) Turcz. ex Stapf.,腳白筍，茭芛，菰蔣，菰，水筍
4711247233019,,台中一號 ，  青殼，赤殼,茭白筍統稱(其他),Water bamboo， Co-ba,Zizania latifolia  (Griseb.) Turcz. ex Stapf.,腳白筍，茭芛，菰蔣，菰，水筍
4711247233095,SQ9,台中一號 ，  青殼，赤殼,茭白筍統稱(其他),Water bamboo， Co-ba,Zizania latifolia  (Griseb.) Turcz. ex Stapf.,腳白筍，茭芛，菰蔣，菰，水筍
4711247235006,,統稱(其他),牧草筍,Napier grass,Pennisetum purpureum  Schum.,狼尾草，牧草心，象草
4711247235013,,統稱(其他),牧草筍,Napier grass,Pennisetum purpureum  Schum.,狼尾草，牧草心，象草
4711247235099,,統稱(其他),牧草筍,Napier grass,Pennisetum purpureum  Schum.,"狼尾草,牧草心,象草"
4711247236003,,統稱(其他),甘蔗筍,Sugarcane grass,Saccharum officinarum  cv. ’Badila’,甘蔗心
4711247236010,,統稱(其他),甘蔗筍,Sugarcane grass,Saccharum officinarum  cv. ’Badila’,甘蔗心
4711247015011,,統稱(其他),細香葱,Chive,Allium schoenoprasum  L.,蝦夷葱，西洋胡葱
4711247015097,,統稱(其他),細香葱,Chive,Allium schoenoprasum  L.,蝦夷葱，西洋胡葱
4711247016001,,統稱(其他),大蒜類,Garlic,Allium sativum  L.,蒜頭，胡蒜，青蒜，蒜仔，洋蒜
4711247016018,,統稱(其他),大蒜類,Garlic,Allium sativum  L.,蒜頭，胡蒜，青蒜，蒜仔，洋蒜
4711247016094,SG9,統稱(其他),大蒜類,Garlic,Allium sativum  L.,蒜頭，胡蒜，青蒜，蒜仔，洋蒜
4711247016100,,,青蒜,Green garlic,Allium sativum  L.,蒜仔
4711247016117,,,青蒜,Green garlic,Allium sativum  L.,蒜仔
4711247016193,,,青蒜,Green garlic,Allium sativum  L.,蒜仔
4711247016209,SG5,,蒜球,Garlic,Allium sativum  L.,蒜頭，胡蒜
4711247016216,,,蒜球,Garlic,Allium sativum  L.,蒜頭，胡蒜
4711247001007,,統稱(其他),番杏,New Zealand spinach,Tetragonia tetragonioides  (Pall.) O. Kuntze,蔓菜， 紐西蘭菠菜
4711247001014,,統稱(其他),番杏,New Zealand spinach,Tetragonia tetragonioides  (Pall.) O. Kuntze,蔓菜， 紐西蘭菠菜
4711247001090,,統稱(其他),番杏,New Zealand spinach,Tetragonia tetragonioides  (Pall.) O. Kuntze,蔓菜， 紐西蘭菠菜
4711247002004,SY1,統稱(其他),慈姑,Arrowhead,Sagittaria sagittifolia  L.,水慈菰，茨姑，苡菰，燕尾草
4711247002011,,統稱(其他),慈姑,Arrowhead,Sagittaria sagittifolia  L.,水慈菰，茨姑，苡菰，燕尾草
4711247002097,,統稱(其他),慈姑,Arrowhead,Sagittaria sagittifolia  L.,水慈菰，茨姑，苡菰，燕尾草
4711247003001,,統稱(其他),韭葱,Leek,Allium ampeloprasum  L. Porrum group,葱仔蒜， 韭菜葱
4711247003018,,統稱(其他),韭葱,Leek,Allium ampeloprasum  L. Porrum group,葱仔蒜， 韭菜葱
4711247003094,,統稱(其他),韭葱,Leek,Allium ampeloprasum  L. Porrum group,葱仔蒜， 韭菜葱
4711247004008,SE5,美秀，華秀,分葱,Shallot,Allium cepa  L. Aggregatum group,紅葱頭，珠葱，大頭葱，油蔥
4711247278010,,統稱(其他),百合,Lily,Lilium  spp.,
4711247278096,,統稱(其他),百合,Lily,Lilium  spp.,
4711247279000,FA1,清福,黃秋葵統稱(其他),Okra， Lady’s finger,Abelmoschus esculentus  (L) Moench,秋葵，羊角豆
4711247279017,,清福,黃秋葵統稱(其他),Okra， Lady’s finger,Abelmoschus esculentus (L) Moench  (L) Moench,秋葵，羊角豆
4711247279093,,清福,黃秋葵統稱(其他),Okra， Lady’s finger,Abelmoschus esculentus (L) Moench  (L) Moench,秋葵，羊角豆
4711247281003,,統稱(其他),圓葉錦葵,Mallow， Chinese mallow,Malva rotundifolia   L.,冬寒菜，冬葵，露葵，滑菜
4711247281010,,統稱(其他),圓葉錦葵,Mallow， Chinese mallow,Malva rotundifolia   L.,冬寒菜，冬葵，露葵，滑菜
4711247281096,,統稱(其他),圓葉錦葵,Mallow， Chinese mallow,Malva rotundifolia   L.,冬寒菜，冬葵，露葵，滑菜
4711247282000,LY6,統稱(其他),香椿,Chinese mahogany， Cedrus,Toona sinensis  Roem.,椿，紅椿，椿樹，春芽樹，大眼桐，春陽樹
4711247282017,,統稱(其他),香椿,Chinese mahogany， Cedrus,Toona sinensis  Roem.,椿，紅椿，椿樹，春芽樹，大眼桐，春陽樹
4711247397391,,,竹蓀,Net Bearing,Dictyophora indusiata  (Vent.ex Pers) Fisch,
4711247397407,MB1,,草菇,Straw mushroom,Volvaviella volvacea  (Bull. ex Fr.) Sing.,
4711247397414,,,草菇,Straw mushroom,Volvaviella volvacea  (Bull. ex Fr.) Sing.,
4711247397421,,,草菇,Straw mushroom,Volvaviella volvacea  (Bull. ex Fr.) Sing.,
4711247397490,,,草菇,Straw mushroom,Volvaviella volvacea  (Bull. ex Fr.) Sing.,
4711247397506,MC1,,白木耳,Jelly fungus， White jelly fungus， Tremella,Tremella fuciformis  Berk.,銀耳，雪耳，川耳
4711247397513,,,白木耳,Jelly fungus， White jelly fungus， Tremella,Tremella fuciformis  Berk.,銀耳，雪耳，川耳
4711247397520,,,白木耳,Jelly fungus， White jelly fungus， Tremella,Tremella fuciformis  Berk.,銀耳，雪耳，川耳
4711247397599,,,白木耳,Jelly fungus， White jelly fungus， Tremella,Tremella fuciformis  Berk.,銀耳，雪耳，川耳
4711247397605,ME1,,金針菇,Golden Mushroom,Flammulina velutipes  (Curt Karst),榎菇，金絲菇，金菇
4711247384001,,統稱(其他),蕨菜類,NA,,
4711247384018,,統稱(其他),蕨菜類,NA,,
4711247384094,,統稱(其他),蕨菜類,NA,,
4711247384100,,南洋山蘇花,山蘇,Bird nest fern，Nest fern,Asplenium australasicum (J.Sn.) Hook.； A,鳥巢蕨，鳥蕨羊齒，山翅菜，歪頭菜，老鷹翅
4711247384117,,南洋山蘇花,山蘇,Bird nest fern，Nest fern,Asplenium australasicum (J.Sn.) Hook.； A,鳥巢蕨，鳥蕨羊齒，山翅菜，歪頭菜，老鷹翅
4711247384193,,南洋山蘇花,山蘇,Bird nest fern，Nest fern,Asplenium australasicum (J.Sn.) Hook.； A,鳥巢蕨，鳥蕨羊齒，山翅菜，歪頭菜，老鷹翅
4711247384209,,野生種,過溝菜蕨,Vegetable fern， Fern,Anisogonium esculentum  (Retz.) Presl.,山貓，過山貓，過溝菜，過貓菜，蕨菜，蕨貓，山鳳尾
4711247384216,,野生種,過溝菜蕨,Vegetable fern， Fern,Anisogonium esculentum  (Retz.) Presl.,山貓，過山貓，過溝菜，過貓菜，蕨菜，蕨貓，山鳳尾
4711247384292,,野生種,過溝菜蕨,Vegetable fern， Fern,Anisogonium esculentum  (Retz.) Presl.,山貓，過山貓，過溝菜，過貓菜，蕨菜，蕨貓，山鳳尾
4711247384308,,,蕨菜,Bracken， Brake,Pteridium aquilinum  (L.) Kuhn.,
4711247282093,,統稱(其他),香椿,Chinese mahogany， Cedrus,Toona sinensis  Roem.,椿，紅椿，椿樹，春芽樹，大眼桐，春陽樹
4711247283007,,統稱(其他),麵包果,Bread fruit tree,Artocarpus altilis  (Park.) Fosberg,羅蜜樹，麵包果樹，馬檳榔，麵磅樹
4711247283014,,統稱(其他),麵包果,Bread fruit tree,Artocarpus altilis  (Park.) Fosberg,羅蜜樹，麵包果樹，馬檳榔，麵磅樹
4711247283090,,統稱(其他),麵包果,Bread fruit tree,Artocarpus altilis  (Park.) Fosberg,羅蜜樹，麵包果樹，馬檳榔，麵磅樹
4711247284004,,統稱(其他),蓴菜,Water shield,Brasenia schreberi  J. F. Gmel.,
4711247284011,,統稱(其他),蓴菜,Water shield,Brasenia schreberi  J. F. Gmel.,
4711247284097,,統稱(其他),蓴菜,Water shield,Brasenia schreberi  J. F. Gmel.,
4711247285001,,統稱(其他),學菜,Oval-leaf pondweed， pickerel weed,Monochoria vaginalis  (Burm. f.) Presl,鴨舌草
4711247285018,,統稱(其他),學菜,Oval-leaf pondweed， pickerel weed,Monochoria vaginalis  (Burm. f.) Presl,鴨舌草
4711247285094,,統稱(其他),學菜,Oval-leaf pondweed， pickerel weed,Monochoria vaginalis  (Burm. f.) Presl,鴨舌草
4711247071017,,統稱(其他),紅鳳菜,Gynura,Gynura bicolor  DC.,紅蓊菜，紫背天葵，紅菜
4711247071093,,統稱(其他),紅鳳菜,Gynura,Gynura bicolor  DC.,紅蓊菜，紫背天葵，紅菜
4711247072007,LQ2,統稱(其他),白鳳菜,NA,Gynura formosana  Kitamura,白廣菜，台灣土三七，白蓊菜，白鳳菊，龍鳳菜
4711247072014,,統稱(其他),白鳳菜,NA,Gynura formosana  Kitamura,白廣菜，台灣土三七，白蓊菜，白鳳菊，龍鳳菜
4711247072090,,統稱(其他),白鳳菜,NA,Gynura formosana  Kitamura,白廣菜，台灣土三七，白蓊菜，白鳳菊，龍鳳菜
4711247073004,SL2,統稱(其他),菊芋,Jerusalem artichoke， Canada potato， Girasole,Helianthus tuberosus  L.,雪蓮薯，天山雪蓮
4711247073011,,統稱(其他),菊芋,Jerusalem artichoke， Canada potato， Girasole,Helianthus tuberosus  L.,雪蓮薯，天山雪蓮
4711247073097,,統稱(其他),菊芋,Jerusalem artichoke， Canada potato， Girasole,Helianthus tuberosus  L.,雪蓮薯，天山雪蓮
4711247074001,,統稱(其他),萵苣類,NA,Lactuca sativa  L.,
4711247074018,,統稱(其他),萵苣類,NA,Lactuca sativa  L.,
4711247059015,,統稱(其他),角菜,White mugwort,Artemisia lactiflora  Wallich ex DC.,珍珠菜，乳白艾，香甜菜，納艾香
4711247059091,,統稱(其他),角菜,White mugwort,Artemisia lactiflora  Wallich ex DC.,珍珠菜，乳白艾，香甜菜，納艾香
4711247060004,LL1,統稱(其他),茼蒿類,Garland chrysanthemum,Chrysanthemum coronarium  L.,春菊， 打某菜， 萵子，苳蒿菜，花冠菊，艾菜，蓬蒿，菊蒿菜，菊花菜
4711247060011,,統稱(其他),茼蒿類,Garland chrysanthemum,Chrysanthemum coronarium  L.,春菊， 打某菜， 萵子，苳蒿菜，花冠菊，艾菜，蓬蒿，菊蒿菜，菊花菜
4711247060028,LL8,統稱(其他),茼蒿類,Garland chrysanthemum,Chrysanthemum coronarium  L.,春菊， 打某菜， 萵子，苳蒿菜，花冠菊，艾菜，蓬蒿，菊蒿菜，菊花菜
4711247060097,,統稱(其他),茼蒿類,Garland chrysanthemum,Chrysanthemum coronarium  L.,春菊， 打某菜， 萵子，苳蒿菜，花冠菊，艾菜，蓬蒿，菊蒿菜，菊花菜
4711247060103,LL1,虎耳大葉(圓葉種),大葉茼蒿,Garland chrysanthemum,Chrysanthemum coronarium  L.,春菊， 打某菜， 萵子，苳蒿菜，花冠菊，艾菜，蓬蒿，菊蒿菜，菊花菜
4711247060110,,虎耳大葉(圓葉種),大葉茼蒿,Garland chrysanthemum,Chrysanthemum coronarium  L.,春菊， 打某菜， 萵子，苳蒿菜，花冠菊，艾菜，蓬蒿，菊蒿菜，菊花菜
4711247060127,LL8,虎耳大葉(圓葉種),大葉茼蒿,Garland chrysanthemum,Chrysanthemum coronarium  L.,春菊， 打某菜， 萵子，苳蒿菜，花冠菊，艾菜，蓬蒿，菊蒿菜，菊花菜
4711247060196,,虎耳大葉(圓葉種),大葉茼蒿,Garland chrysanthemum,Chrysanthemum coronarium  L.,春菊， 打某菜， 萵子，苳蒿菜，花冠菊，艾菜，蓬蒿，菊蒿菜，菊花菜
4711247396417,,,木耳,Jew’s Ear,Auricularia amcicula,木菌，木樅，木蛾
4711247396424,,,木耳,Jew’s Ear,Auricularia amcicula,木¨菌，木樅，木蛾
4711247396493,,,木耳,Jew’s Ear,Auricularia amcicula,木菌，木樅，木蛾
4711247396509,MX1,,斤耳,NA,Auricularia fuscosuccinia,
4711247396516,,,斤耳,NA,Auricularia fuscosuccinia,
4711247396523,,,斤耳,NA,Auricularia fuscosuccinia,
4711247396592,,,斤耳,NA,Auricularia fuscosuccinia,
4711247396608,MN1,,柳松菇,Brown swordbelt,Agrocybe aegerita Singer,田頭菇
4711247396615,,,柳松菇,Brown swordbelt,Agrocybe aegerita Singer,田頭菇
4711247396622,,,柳松菇,Brown swordbelt,Agrocybe aegerita Singer,田頭菇
4711247358095,SB9,統稱(其他),胡蘿蔔,Carrot,Daucus carota  L. subsp. sativus,紅蘿蔔，紅菜頭，赤珊瑚，菜人參
4711247361002,LS1,統稱(其他),茴香,Fennel,Foeniculum vulgare  Mill.,懷香，茴香子，香絲菜
4711247361019,,統稱(其他),茴香,Fennel,Foeniculum vulgare  Mill.,懷香，茴香子，香絲菜
4711247361095,,統稱(其他),茴香,Fennel,Foeniculum vulgare  Mill.,懷香，茴香子，香絲菜
4711247362009,,統稱(其他),甜茴香,Florence fennel， Fennel Sweet,Foeniculum vulgare  var.  dulce  Fiori,
4711247362016,,統稱(其他),甜茴香,Florence fennel， Fennel Sweet,Foeniculum vulgare  var.  dulce  Fiori,
4711247362092,,統稱(其他),甜茴香,Florence fennel， Fennel Sweet,Foeniculum vulgare  var.  dulce  Fiori,
4711247363006,,統稱(其他),刺芹,Java coriander， Culantro， Acapate， Foetid eryngo,Eryngium foetidum  L.,香芹，假芫荽，洋芫荽，日本香菜，節節花
4711247363013,,統稱(其他),刺芹,Java coriander， Culantro， Acapate， Foetid eryngo,Eryngium foetidum  L.,香芹，假芫荽，洋芫荽，日本香菜，節節花
4711247363099,,統稱(其他),刺芹,Java coriander， Culantro， Acapate， Foetid eryngo,Eryngium foetidum  L.,香芹，假芫荽，洋芫荽，日本香菜，節節花
4711247192095,,統稱(其他),胡瓜類,NA,,
4711247192101,,萬吉，清綠，夏笛,大胡瓜,Cucumber,Cucumis sativus  L.,刺瓜，王瓜，黃瓜
4711247192118,,萬吉，清綠，夏笛,大胡瓜,Cucumber,Cucumis sativus  L.,刺瓜，王瓜，黃瓜
4711247192125,,萬吉，清綠，夏笛,大胡瓜,Cucumber,Cucumis sativus  L.,刺瓜，王瓜，黃瓜
4711247192194,,萬吉，清綠，夏笛,大胡瓜,Cucumber,Cucumis sativus  L.,刺瓜，王瓜，黃瓜
4711247192200,,喜燕，鳳燕，阿信,小胡瓜,Cucumber,Cucumis sativus  L.,小黃瓜，花瓜
4711247192217,,喜燕，鳳燕，阿信,小胡瓜,Cucumber,Cucumis sativus  L.,小黃瓜，花瓜
4711247192224,,喜燕，鳳燕，阿信,小胡瓜,Cucumber,Cucumis sativus  L.,小黃瓜，花瓜
4711247192293,,喜燕，鳳燕，阿信,小胡瓜,Cucumber,Cucumis sativus  L.,小黃瓜，花瓜
4711247198004,,統稱(其他),南瓜類,NA,,
4711247210010,,統稱(其他),絲瓜類,NA,,菜瓜，布瓜，天絲瓜，天絡
4711247210027,,統稱(其他),絲瓜類,NA,,菜瓜，布瓜，天絲瓜，天絡
4711247210041,,統稱(其他),絲瓜類,NA,,菜瓜，布瓜，天絲瓜，天絡
4711247210096,FF9,統稱(其他),絲瓜類,NA,,菜瓜，布瓜，天絲瓜，天絡
4711247210102,FF2,三喜，三喜2號，美菱，中屯種(澎湖地方品種),稜角絲瓜,Angled loofah， Chinese okra,Luffa acutangula  (L.) Roxb.,澎湖絲瓜，角瓜，十角絲瓜，雨傘絲瓜，廣東絲瓜，金門菜瓜
4711247210119,,三喜，三喜2號，美菱，中屯種(澎湖地方品種),稜角絲瓜,Angled loofah， Chinese okra,Luffa acutangula  (L.) Roxb.,澎湖絲瓜，角瓜，十角絲瓜，雨傘絲瓜，廣東絲瓜，金門菜瓜
4711247210126,,三喜，三喜2號，美菱，中屯種(澎湖地方品種),稜角絲瓜,Angled loofah， Chinese okra,Luffa acutangula  (L.) Roxb.,澎湖絲瓜，角瓜，十角絲瓜，雨傘絲瓜，廣東絲瓜，金門菜瓜
4711247210140,,三喜，三喜2號，美菱，中屯種(澎湖地方品種),稜角絲瓜,Angled loofah， Chinese okra,Luffa acutangula  (L.) Roxb.,澎湖絲瓜，角瓜，十角絲瓜，雨傘絲瓜，廣東絲瓜，金門菜瓜
4711247210195,FF9,三喜，三喜2號，美菱，中屯種(澎湖地方品種),稜角絲瓜,Angled loofah， Chinese okra,Luffa acutangula  (L.) Roxb.,澎湖絲瓜，角瓜，十角絲瓜，雨傘絲瓜，廣東絲瓜，金門菜瓜
4711247210201,FF1,新城白花，銀光粗鱗種，白皮種，溪州種，台農1號，台農2號,圓筒絲瓜,Vegetable sponge， smooth loofah,Luffa aegyptiaca  Mill.,菜瓜，布瓜，天絲瓜，天絡
4711247298490,,,(其他),NA,Capsicum  spp.,
4711247304009,FK5,天王星,青椒統稱(其他),NA,Capsicum  annuum  Grossum group L.,甜椒
4711247304016,,天王星,青椒統稱(其他),NA,Capsicum  annuum  Grossum group L.,甜椒
4711247304092,FK9,天王星,青椒統稱(其他),NA,Capsicum  annuum  Grossum group L.,甜椒
4711247309004,FK4,統稱(其他),彩色甜椒,Sweet pepper,Capsicum  annuum  Grossum group L.,
4711247309011,,統稱(其他),彩色甜椒,Sweet pepper,Capsicum  annuum  Grossum group L.,
4711247309097,FK9,統稱(其他),彩色甜椒,Sweet pepper,Capsicum  annuum  Grossum group L.,
4711247314008,,統稱(其他),枸杞葉,Chinese wolfberry ， Box thorn,Lycium chinense  Miller.,枸繼，枸刺，苦杞，地骨，地節，地仙
4711247314015,,統稱(其他),枸杞葉,Chinese wolfberry ， Box thorn,Lycium chinense  Miller.,枸繼，枸刺，苦杞，地骨，地節，地仙
4711247314091,,統稱(其他),枸杞葉,Chinese wolfberry ， Box thorn,Lycium chinense  Miller.,枸繼，枸刺，苦杞，地骨，地節，地仙
4711247175418,,新世紀，新秀，雪裡華，哈蜜脆，新綠蛙,哈密瓜,Chinese hami melon，  Musk melon,Cucumis melo  L. var.  saccharinus  Naud.,
4711247175425,,新世紀，新秀，雪裡華，哈蜜脆，新綠蛙,哈密瓜,Chinese hami melon，  Musk melon,Cucumis melo  L. var.  saccharinus  Naud.,
4711247175449,,新世紀，新秀，雪裡華，哈蜜脆，新綠蛙,哈密瓜,Chinese hami melon，  Musk melon,Cucumis melo  L. var.  saccharinus  Naud.,
4711247175494,W9,新世紀，新秀，雪裡華，哈蜜脆，新綠蛙,哈密瓜,Chinese hami melon，  Musk melon,Cucumis melo  L. var.  saccharinus  Naud.,
4711247191005,FS1,統稱(其他),越瓜,Oriental pickling melon,Cucumis melo  L. var. Conomon group,醃瓜，菜瓜，生瓜，梢瓜，菴瓜， 酥瓜
4711247191012,,統稱(其他),越瓜,Oriental pickling melon,Cucumis melo  L. var. Conomon group,醃瓜，菜瓜，生瓜，梢瓜，菴瓜， 酥瓜
4711247191098,,統稱(其他),越瓜,Oriental pickling melon,Cucumis melo  L. var. Conomon group,醃瓜，菜瓜，生瓜，梢瓜，菴瓜， 酥瓜
4711247192002,,統稱(其他),胡瓜類,NA,,
4711247192019,,統稱(其他),胡瓜類,NA,,
4711247192026,,統稱(其他),胡瓜類,NA,,
4711247016292,SG9,,蒜球,Garlic,Allium sativum  L.,蒜頭，胡蒜
4711247016308,,,蒜黃,Blanched garlic,Allium sativum  L.,
4711247016315,,,蒜黃,Blanched garlic,Allium sativum  L.,
4711247016391,,,蒜黃,Blanched garlic,Allium sativum  L.,
4711247016407,SG3,,蒜苔,Garlic flower stalk,Allium sativum  L.,
4711247016414,,,蒜苔,Garlic flower stalk,Allium sativum  L.,
4711247016490,SG9,,蒜苔,Garlic flower stalk,Allium sativum  L.,
4711247022002,,統稱(其他),韭菜類,Chinese chive,Allium tuberosum  Rottl. ex Sprengel,
4711247022019,,統稱(其他),韭菜類,Chinese chive,Allium tuberosum  Rottl. ex Sprengel,
4711247022095,,統稱(其他),韭菜類,Chinese chive,Allium tuberosum  Rottl. ex Sprengel,
4711247127028,,統稱(其他),不結球白菜類,NA,,
4711247127035,,統稱(其他),不結球白菜類,NA,,
4711247127097,,統稱(其他),不結球白菜類,NA,,
4711247127103,LB1,,小白菜,Pak-choi， Chinese mustard,Brassica rapa  L. var.  chinensis  Olsson,黃金白菜，鳳山白菜，土白菜，廣州白菜
4711247127110,,,小白菜,Pak-choi， Chinese mustard,Brassica rapa  L. var.  chinensis  Olsson,黃金白菜，鳳山白菜，土白菜，廣州白菜
4711247127127,LB8,,小白菜,Pak-choi， Chinese mustard,Brassica rapa  L. var.  chinensis  Olsson,黃金白菜，鳳山白菜，土白菜，廣州白菜
4711247127134,,,小白菜,Pak-choi， Chinese mustard,Brassica rapa  L. var.  chinensis  Olsson,黃金白菜，鳳山白菜，土白菜，廣州白菜
4711247127196,LB9,,小白菜,Pak-choi， Chinese mustard,Brassica rapa  L. var.  chinensis  Olsson,黃金白菜，鳳山白菜，土白菜，廣州白菜
4711247127202,,,青梗白菜,Pak-choi， Chinese mustard， Ching gan tsai,Brassica rapa  L. var.  chinensis  Rupn,青江白菜，大頭白菜，湯匙菜
4711247127219,,,青梗白菜,Pak-choi， Chinese mustard， Ching gan tsai,Brassica rapa  L. var.  chinensis  Rupn,青江白菜，大頭白菜，湯匙菜
4711247336000,,統稱(其他),茄子,Eggplant，Water chestnut,Solanum melongena  L.,紅皮菜，吊菜子，洛蘇
4711247336017,,統稱(其他),茄子,Eggplant，Water chestnut,Solanum melongena  L.,紅皮菜，吊菜子，洛蘇
4711247336093,,統稱(其他),茄子,Eggplant，Water chestnut,Solanum melongena  L.,紅皮菜，吊菜子，洛蘇
4711247336109,,明豐長茄，麻芝茄，屏東長茄，蔴糬長茄，高號1號，高雄2號,長茄,Eggplant，Water chestnut ，Snake eggplant,Solanum melogena  var.  serpentinum  Bailey,紅皮菜，吊菜子，洛蘇
4711247336116,,明豐長茄，麻芝茄，屏東長茄，蔴糬長茄，高號1號，高雄2號,長茄,Eggplant，Water chestnut ，Snake eggplant,Solanum melogena  var.  serpentinum  Bailey,紅皮菜，吊菜子，洛蘇
4711247336192,,明豐長茄，麻芝茄，屏東長茄，蔴糬長茄，高號1號，高雄2號,長茄,Eggplant，Water chestnut ，Snake eggplant,Solanum melogena  var.  serpentinum  Bailey,紅皮菜，吊菜子，洛蘇
4711247336406,,,香瓜茄,Pepino,Solanum muricatum,香瓜梨，人參果
4711247336413,,,香瓜茄,Pepino,Solanum muricatum,香瓜梨，人參果
4711247336499,,,香瓜茄,Pepino,Solanum muricatum,香瓜梨，人參果
4711247342001,LY2,野生種,龍葵統稱(其他),Black nightshade， Nightshade,Solanum nigrum  L.,烏仔菜，苦葵，天茄子，烏甜仔菜，水茄，牛酸漿
4711247256292,,台中13號,甜豌豆,Snap pea,Pisum sativum   L. spp.  sativum  f. macro carpon,
4711247256308,FL4,台中14號,鮮豌豆仁,Green Pea,Pisum sativum  L. spp.  sativum,荷蘭豆仁
4711247256315,,台中14號,鮮豌豆仁,Green Pea,Pisum sativum  L. spp.  sativum,荷蘭豆仁
4711247256322,,台中14號,鮮豌豆仁,Green Pea,Pisum sativum  L. spp.  sativum,荷蘭豆仁
4711247256391,FL9,台中14號,鮮豌豆仁,Green Pea,Pisum sativum  L. spp.  sativum,荷蘭豆仁
4711247256407,FL4,,乾豌豆仁,Dry pea， Garden Pea,Pisum sativum  L. spp.  sativum,荷蘭豆
4711247256414,,,乾豌豆仁,Dry pea， Garden Pea,Pisum sativum  L. spp.  sativum,荷蘭豆
4711247256421,,,乾豌豆仁,Dry pea， Garden Pea,Pisum sativum  L. spp.  sativum,荷蘭豆
4711247256490,FL9,,乾豌豆仁,Dry pea， Garden Pea,Pisum sativum  L. spp.  sativum,荷蘭豆
4711247256506,FL5,台中15號， 黑目,豌豆苗,Leafy pae，                Tender-shoot pea,Pisum sativum  L.,荷蘭豆鬚
4711247342018,,野生種,龍葵統稱(其他),Black nightshade， Nightshade,Solanum nigrum  L.,烏仔菜，苦葵，天茄子，烏甜仔菜，水茄，牛酸漿
4711247342094,,野生種,龍葵統稱(其他),Black nightshade， Nightshade,Solanum nigrum  L.,烏仔菜，苦葵，天茄子，烏甜仔菜，水茄，牛酸漿
4711247343008,SC1,統稱(其他),馬鈴薯,Potato,Solanum tuberosum  L.,洋芋，洋薯，番仔甘薯
4711247343015,SC1,統稱(其他),馬鈴薯,Potato,Solanum tuberosum  L.,洋芋，洋薯，番仔甘薯
4711247343091,SC9,統稱(其他),馬鈴薯,Potato,Solanum tuberosum  L.,洋芋，洋薯，番仔甘薯
4711247346009,,地方種,葉用黃麻統稱(其他),Jew’s mallow， Round pod jute,Corchorus olitorius   L.,黃麻嬰，長蒴黃麻，甜麻，麻薏，摩蘿葉
4711247346016,,地方種,葉用黃麻統稱(其他),Jew’s mallow， Round pod jute,Corchorus olitorius   L.,黃麻嬰，長蒴黃麻，甜麻，麻薏，摩蘿葉
4711247346092,,地方種,葉用黃麻統稱(其他),Jew’s mallow， Round pod jute,Corchorus olitorius   L.,黃麻嬰，長蒴黃麻，甜麻，麻薏，摩蘿葉
4711247347006,,統稱(其他),菱角,Water caltrop,Trapa bicornis  L.,菱，龍角，水花生菱，元寶，紅菱，水中落花生，羊角
4711247347013,,統稱(其他),菱角,Water caltrop,Trapa bicornis  L.,菱，龍角，水花生菱，元寶，紅菱，水中落花生，羊角
4711247039017,,統稱(其他),竹筍類,NA,,
4711247039093,SH9,統稱(其他),竹筍類,NA,,
4711247039109,SH5,,烏腳綠竹,Bamboo shoots,Bambusa edulis  (Odash.) Keng,筍仔
4711247039116,,,烏腳綠竹,Bamboo shoots,Bambusa edulis  (Odash.) Keng,筍仔
4711247039192,SH9,,烏腳綠竹,Bamboo shoots,Bambusa edulis  (Odash.) Keng,筍仔
4711247039208,SH2,,鮮食綠竹筍,Bamboo shoot ， Green bamboo sprout， Bamboo sprout,Bambusa oldhamii  Munro,綠仔筍， 甜竹，毛綠竹，烏藥竹
4711247039215,,,鮮食綠竹筍,Bamboo shoot ， Green bamboo sprout， Bamboo sprout,Bambusa oldhamii  Munro,綠仔筍， 甜竹，毛綠竹，烏藥竹
4711247039291,SH9,,鮮食綠竹筍,Bamboo shoot ， Green bamboo sprout， Bamboo sprout,Bambusa oldhamii  Munro,綠仔筍， 甜竹，毛綠竹，烏藥竹
4711247039307,,,初級加工綠竹筍,Bamboo shoot ， Green bamboo sprout， Bamboo sprout,Bambusa oldhamii  Munro,綠仔筍， 甜竹，毛綠竹，烏藥竹
4711247039314,,,初級加工綠竹筍,Bamboo shoot ， Green bamboo sprout， Bamboo sprout,Bambusa oldhamii  Munro,綠仔筍， 甜竹，毛綠竹，烏藥竹
4711247159203,T1,華寶,大西瓜,Watermelon,Citrullus lanatus  (Thunb.) Natsum & Nakai,
4711247159210,,華寶,大西瓜,Watermelon,Citrullus lanatus  (Thunb.) Natsum & Nakai,
4711247159296,T9,華寶,大西瓜,Watermelon,Citrullus lanatus  (Thunb.) Natsum & Nakai,
4711247159302,T6,黛安娜,紅肉        小西瓜,Icc box  watermelon,Citrullus lanatus  (Thunb.) Natsum & Nakai,
4711247159319,,黛安娜,紅肉        小西瓜,Icc box  watermelon,Citrullus lanatus  (Thunb.) Natsum & Nakai,
4711247159395,T9,黛安娜,紅肉        小西瓜,Icc box  watermelon,Citrullus lanatus  (Thunb.) Natsum & Nakai,
4711247159401,T5,新蘭,黃肉        小西瓜,Watermelon,Citrullus lanatus  (Thunb.) Natsum & Nakai,小玉西瓜
4711247159418,,新蘭,黃肉        小西瓜,Watermelon,Citrullus lanatus  (Thunb.) Natsum & Nakai,小玉西瓜
4711247159494,T9,新蘭,黃肉        小西瓜,Watermelon,Citrullus lanatus  (Thunb.) Natsum & Nakai,小玉西瓜
4711247175005,,統稱(其他),甜瓜類,NA,,
4711247050395,,,仙人掌肉質莖,Prickly pear,Opuntia  ficus-indica  (L.) Miller,倒掉蓮、搭壁蓮
4711247053006,LU1,統稱(其他),菾菜類,Swiss chard， Chard，spinach beet,Beta vnlgaris  L. Cicla group,葉用菾菜，莙薘菜，厚皮菜，牛皮菜；，根刀菜；茄末菜，厚末，芥茉菜
4711247053013,,統稱(其他),菾菜類,Swiss chard， Chard，spinach beet,Beta vnlgaris  L. Cicla group,葉用菾菜，莙薘菜，厚皮菜，牛皮菜；，根刀菜；茄末菜，厚末，芥茉菜
4711247053099,,統稱(其他),菾菜類,Swiss chard， Chard，spinach beet,Beta vnlgaris  L. Cicla group,葉用菾菜，莙薘菜，厚皮菜，牛皮菜；，根刀菜；茄末菜，厚末，芥茉菜
4711247053105,LU1,,葉用菾菜,Swiss chard， Chard，spinach beet,Beta vnlgaris  L. Cicla group,葉用菾菜，莙薘菜，厚皮菜，牛皮菜；，根刀菜；茄末菜，厚末，芥茉菜
4711247053112,,,葉用菾菜,Swiss chard， Chard，spinach beet,Beta vnlgaris  L. Cicla group,葉用菾菜，莙薘菜，厚皮菜，牛皮菜；，根刀菜；茄末菜，厚末，芥茉菜
4711247053198,,,葉用菾菜,Swiss chard， Chard，spinach beet,Beta vnlgaris  L. Cicla group,葉用菾菜，莙薘菜，厚皮菜，牛皮菜；，根刀菜；茄末菜，厚末，芥茉菜
4711247053204,LU1,,紅梗菾菜,Red chard，Leaf                             beet,Beta vnlgaris  L. Cicla group,紅柄菾菜，紅牛皮菜
4711247053211,,,紅梗菾菜,Red chard，Leaf                             beet,Beta vnlgaris  L. Cicla group,紅柄菾菜，紅牛皮菜
4711247053297,,,紅梗菾菜,Red chard，Leaf                             beet,Beta vnlgaris  L. Cicla group,紅柄菾菜，紅牛皮菜
4711247397117,,,雞腿菇,Shaggy ink Cap 或 Shaggy Mane,Coprinus comatus,雞腿蘑，毛頭鬼傘
4711247397124,,,雞腿菇,Shaggy ink Cap 或 Shaggy Mane,Coprinus comatus,雞腿蘑，毛頭鬼傘
4711247397193,,,雞腿菇,Shaggy ink Cap 或 Shaggy Mane,Coprinus comatus,雞腿蘑，毛頭鬼傘
4711247397209,MM1,,猴頭菌,NA,Hericium erinaceus  (Bull ex Fr.) Pers.,猴頭蘑，花菜菇
4711247397216,,,猴頭菌,NA,Hericium erinaceus  (Bull ex Fr.) Pers.,猴頭蘑，花菜菇
4711247397223,,,猴頭菌,NA,Hericium erinaceus  (Bull ex Fr.) Pers.,猴頭蘑，花菜菇
4711247397292,,,猴頭菌,NA,Hericium erinaceus  (Bull ex Fr.) Pers.,猴頭蘑，花菜菇
4711247397308,MX1,,竹蓀,Net Bearing,Dictyophora indusiata  (Vent.ex Pers) Fisch,
4711247397315,,,竹蓀,Net Bearing,Dictyophora indusiata  (Vent.ex Pers) Fisch,
4711247397322,,,竹蓀,Net Bearing,Dictyophora indusiata  (Vent.ex Pers) Fisch,
4711247355018,,統稱(其他),根芹菜,Celeriac， Turnip-rooted celery,Apium graveolens  L. var.  rapaceum  Mill.,
4711247355094,LG9,統稱(其他),根芹菜,Celeriac， Turnip-rooted celery,Apium graveolens  L. var.  rapaceum  Mill.,
4711247356008,LP1,大葉種， 小葉種,芫荽統稱(其他),Coriander， Collender，Cilantro,Coriandrum sativum  L.,香菜，胡荽， 香荽，莞荽，松鬚菜
4711247356015,,大葉種， 小葉種,芫荽統稱(其他),Coriander， Collender，Cilantro,Coriandrum sativum  L.,香菜，胡荽， 香荽，莞荽，松鬚菜
4711247356091,LP9,大葉種， 小葉種,芫荽統稱(其他),Coriander， Collender，Cilantro,Coriandrum sativum  L.,香菜，胡荽， 香荽，莞荽，松鬚菜
4711247357005,LG4,統稱(其他),山芹菜,Japanese hone wort,Cryptotaenia japonica   Hassk,鴨兒芹，三葉芹
4711247357012,,統稱(其他),山芹菜,Japanese hone wort,Cryptotaenia japonica   Hassk,鴨兒芹，三葉芹
4711247357098,LG9,統稱(其他),山芹菜,Japanese hone wort,Cryptotaenia japonica   Hassk,鴨兒芹，三葉芹
4711247358002,,統稱(其他),胡蘿蔔,Carrot,Daucus carota  L. subsp. sativus,紅蘿蔔，紅菜頭，赤珊瑚，菜人參
4711247358019,,統稱(其他),胡蘿蔔,Carrot,Daucus carota  L. subsp. sativus,紅蘿蔔，紅菜頭，赤珊瑚，菜人參
4711247286312,,,蓮花,Lotus,Nelumbo nucifera  Gaertn,荷花
4711247286398,,,蓮花,Lotus,Nelumbo nucifera  Gaertn,荷花
4711247287005,,統稱(其他),野蓮,Water snowflake,Nymphoides hydrophylla  (N. cristata),水鱉
4711247287012,,統稱(其他),野蓮,Water snowflake,Nymphoides hydrophylla  (N. cristata),水鱉
4711247287098,,統稱(其他),野蓮,Water snowflake,Nymphoides hydrophylla  (N. cristata),水鱉
4711247288002,,統稱(其他),檳榔類,NA,,
4711247288019,,統稱(其他),檳榔類,NA,,
4711247288095,,統稱(其他),檳榔類,NA,,
4711247288101,,,檳榔筍,Areca nut， Betel nut palm， Catechu， Pinarg,Areca cathechn  L.,半天筍
4711247288118,,,檳榔筍,Areca nut， Betel nut palm， Catechu， Pinarg,Areca cathechn  L.,半天筍
4711247227209,FY4,,玉米筍,Baby corn,Zea mays  L.,
4711247227216,,,玉米筍,Baby corn,Zea mays  L.,
4711247227292,FY9,,玉米筍,Baby corn,Zea mays  L.,
4711247227308,FY1,本地種,白玉米,Corn,Zea mays  L.,番麥
4711247227315,,本地種,白玉米,Corn,Zea mays  L.,番麥
4711247227391,FY9,本地種,白玉米,Corn,Zea mays  L.,番麥
4711247227407,,糯玉米種，美珍，玉美珍,糯玉米,Waxy corn,Zea mays  L. var.  ceratina kulese,
4711247227414,,糯玉米種，美珍，玉美珍,糯玉米,Waxy corn,Zea mays  L. var.  ceratina kulese,
4711247227490,,糯玉米種，美珍，玉美珍,糯玉米,Waxy corn,Zea mays  L. var.  ceratina kulese,
4711247227506,,,花玉米,NA,Zea mays  var.  aqratica  L.,彩色玉米
4711247390293,,,紫菜,Tzu Tsai， Sea weed,Porphyra tenera  Kjellman,
4711247390309,,,石花菜,Tengusa,Gelidium amansii  (Lamouroux),牛毛菜，石花，洋菜
4711247390316,,,石花菜,Tengusa,Gelidium amansii  (Lamouroux),牛毛菜，石花，洋菜
4711247390392,,,石花菜,Tengusa,Gelidium amansii  (Lamouroux),牛毛菜，石花，洋菜
4711247390408,,,海帶,Kelp，  Ma-kombu,Laminaria japonica  Aresch.,裙帶菜 ，昆布
4711247390415,,,海帶,Kelp，  Ma-kombu,Laminaria japonica  Aresch.,裙帶菜 ，昆布
4711247390491,,,海帶,Kelp，  Ma-kombu,Laminaria japonica  Aresch.,裙帶菜 ，昆布
4711247390507,,,小海帶,Endarachne binghamiae,Petalonia binghamiae  J. Agradh.,海帶芽，鵝腸菜，白毛菜，茭白菜，舌苔，土海帶
4711247390514,,,小海帶,Endarachne binghamiae,Petalonia binghamiae  J. Agradh.,海帶芽，鵝腸菜，白毛菜，茭白菜，舌苔，土海帶
4711247390590,,,小海帶,Endarachne binghamiae,Petalonia binghamiae  J. Agradh.,海帶芽，鵝腸菜，白毛菜，茭白菜，舌苔，土海帶
4711247091213,,,葉用甘藷,Sweet potato tips,Ipomoea batatas  (L.) Lam.,地瓜葉，番薯葉，甘薯葉
4711247091299,,,葉用甘藷,Sweet potato tips,Ipomoea batatas  (L.) Lam.,地瓜葉，番薯葉，甘薯葉
4711247093491,SH9,,鮮食麻竹筍,Bamboo shoot ， Bamboo sprout,Dendrocalamus latiflorus  Munro,大綠竹，瓦坭竹，巨麻竹，巨竹，美濃麻竹
4711247095006,FU3,統稱(其他),石蓮花,Ghost Plant leaves,Graptopetalum paraguayense,風車草、蓮座草
4711247095013,,統稱(其他),石蓮花,Ghost Plant leaves,Graptopetalum paraguayense,風車草、蓮座草
4711247095099,,統稱(其他),石蓮花,Ghost Plant leaves,Graptopetalum paraguayense,風車草、蓮座草
4711247096003,,統稱(其他),辣根,Horseradish,Armoracia rusticana  (Lam.) P. Gaertn. B. Mey. et Scherb.,山葵蘿蔔、洋山葵
4711247096010,,統稱(其他),辣根,Horseradish,Armoracia rusticana  (Lam.) P. Gaertn. B. Mey. et Scherb.,山葵蘿蔔、洋山葵
4711247096096,,統稱(其他),辣根,Horseradish,Armoracia rusticana  (Lam.) P. Gaertn. B. Mey. et Scherb.,山葵蘿蔔、洋山葵
4711247097000,,統稱(其他),芥菜類,NA,,
4711247175012,,統稱(其他),甜瓜類,NA,,
4711247175029,,統稱(其他),甜瓜類,NA,,
4711247175043,,統稱(其他),甜瓜類,NA,,
4711247175098,,統稱(其他),甜瓜類,NA,,
4711247175104,,蜜世界，蜜天下，哈密甜，甜蜜寶，塞橙蜜，秋鳳，夏鳳，仙杯，女神，玉姑，狀元,光皮甜瓜,Winter melon,Cucumis melo  L.  inodorus  Naud.,洋香瓜，蜜瓜，厚皮甜瓜
4711247175111,,蜜世界，蜜天下，哈密甜，甜蜜寶，塞橙蜜，秋鳳，夏鳳，仙杯，女神，玉姑，狀元,光皮甜瓜,Winter melon,Cucumis melo  L.  inodorus  Naud.,洋香瓜，蜜瓜，厚皮甜瓜
4711247175128,,蜜世界，蜜天下，哈密甜，甜蜜寶，塞橙蜜，秋鳳，夏鳳，仙杯，女神，玉姑，狀元,光皮甜瓜,Winter melon,Cucumis melo  L.  inodorus  Naud.,洋香瓜，蜜瓜，厚皮甜瓜
4711247175142,,蜜世界，蜜天下，哈密甜，甜蜜寶，塞橙蜜，秋鳳，夏鳳，仙杯，女神，玉姑，狀元,光皮甜瓜,Winter melon,Cucumis melo  L.  inodorus  Naud.,洋香瓜，蜜瓜，厚皮甜瓜
4711247175197,W9,蜜世界，蜜天下，哈密甜，甜蜜寶，塞橙蜜，秋鳳，夏鳳，仙杯，女神，玉姑，狀元,光皮甜瓜,Winter melon,Cucumis melo  L.  inodorus  Naud.,洋香瓜，蜜瓜，厚皮甜瓜
4711247175203,,秋燁1號，秋燁2號，香華，台南9號，淑芬，秋香，翠蜜，秋蜜，天香，天華，綠蜜石，雪蓮香,網紋甜瓜,Muskmelon， Netted melon,Cucumis melo  L.  reticulatus  Naud.,洋香瓜，蜜瓜，厚皮甜瓜
